Audio File,Chord Used,Timestamp
garageband_guitar_Hard_Rock.wav,E:maj,0.0s - 2.0s
garageband_guitar_Classic_Clean.wav,E:maj,0.0s - 2.0s
garageband_guitar_Acoustic_Guitar.wav,E:maj,0.0s - 2.0s
ableton_live_guitar_Guitar_Open.wav,E:maj,0.0s - 2.0s
ableton_live_guitar_Nylon_Concerto_Guitar.wav,E:maj,0.0s - 2.0s
ableton_live_guitar_Campfire.wav,E:maj,0.0s - 2.0s
garageband_guitar_Hard_Rock.wav,F:maj,2.0s - 4.0s
garageband_guitar_Classic_Clean.wav,F:maj,2.0s - 4.0s
garageband_guitar_Acoustic_Guitar.wav,F:maj,2.0s - 4.0s
ableton_live_guitar_Guitar_Open.wav,F:maj,2.0s - 4.0s
ableton_live_guitar_Nylon_Concerto_Guitar.wav,F:maj,2.0s - 4.0s
ableton_live_guitar_Campfire.wav,F:maj,2.0s - 4.0s
garageband_guitar_Hard_Rock.wav,F#:maj,4.0s - 6.0s
garageband_guitar_Classic_Clean.wav,F#:maj,4.0s - 6.0s
garageband_guitar_Acoustic_Guitar.wav,F#:maj,4.0s - 6.0s
ableton_live_guitar_Guitar_Open.wav,F#:maj,4.0s - 6.0s
ableton_live_guitar_Nylon_Concerto_Guitar.wav,F#:maj,4.0s - 6.0s
ableton_live_guitar_Campfire.wav,F#:maj,4.0s - 6.0s
garageband_guitar_Hard_Rock.wav,G:maj,6.0s - 8.0s
garageband_guitar_Classic_Clean.wav,G:maj,6.0s - 8.0s
garageband_guitar_Acoustic_Guitar.wav,G:maj,6.0s - 8.0s
ableton_live_guitar_Guitar_Open.wav,G:maj,6.0s - 8.0s
ableton_live_guitar_Nylon_Concerto_Guitar.wav,G:maj,6.0s - 8.0s
ableton_live_guitar_Campfire.wav,G:maj,6.0s - 8.0s
garageband_guitar_Hard_Rock.wav,G#:maj,8.0s - 10.0s
garageband_guitar_Classic_Clean.wav,G#:maj,8.0s - 10.0s
garageband_guitar_Acoustic_Guitar.wav,G#:maj,8.0s - 10.0s
ableton_live_guitar_Guitar_Open.wav,G#:maj,8.0s - 10.0s
ableton_live_guitar_Nylon_Concerto_Guitar.wav,G#:maj,8.0s - 10.0s
ableton_live_guitar_Campfire.wav,G#:maj,8.0s - 10.0s
garageband_guitar_Hard_Rock.wav,A:maj,10.0s - 12.0s
garageband_guitar_Classic_Clean.wav,A:maj,10.0s - 12.0s
garageband_guitar_Acoustic_Guitar.wav,A:maj,10.0s - 12.0s
ableton_live_guitar_Guitar_Open.wav,A:maj,10.0s - 12.0s
ableton_live_guitar_Nylon_Concerto_Guitar.wav,A:maj,10.0s - 12.0s
ableton_live_guitar_Campfire.wav,A:maj,10.0s - 12.0s
garageband_guitar_Hard_Rock.wav,A#:maj,12.0s - 14.0s
garageband_guitar_Classic_Clean.wav,A#:maj,12.0s - 14.0s
garageband_guitar_Acoustic_Guitar.wav,A#:maj,12.0s - 14.0s
ableton_live_guitar_Guitar_Open.wav,A#:maj,12.0s - 14.0s
ableton_live_guitar_Nylon_Concerto_Guitar.wav,A#:maj,12.0s - 14.0s
ableton_live_guitar_Campfire.wav,A#:maj,12.0s - 14.0s
garageband_guitar_Hard_Rock.wav,B:maj,14.0s - 16.0s
garageband_guitar_Classic_Clean.wav,B:maj,14.0s - 16.0s
garageband_guitar_Acoustic_Guitar.wav,B:maj,14.0s - 16.0s
ableton_live_guitar_Guitar_Open.wav,B:maj,14.0s - 16.0s
ableton_live_guitar_Nylon_Concerto_Guitar.wav,B:maj,14.0s - 16.0s
ableton_live_guitar_Campfire.wav,B:maj,14.0s - 16.0s
garageband_guitar_Hard_Rock.wav,C:maj,16.0s - 18.0s
garageband_guitar_Classic_Clean.wav,C:maj,16.0s - 18.0s
garageband_guitar_Acoustic_Guitar.wav,C:maj,16.0s - 18.0s
ableton_live_guitar_Guitar_Open.wav,C:maj,16.0s - 18.0s
ableton_live_guitar_Nylon_Concerto_Guitar.wav,C:maj,16.0s - 18.0s
ableton_live_guitar_Campfire.wav,C:maj,16.0s - 18.0s
garageband_guitar_Hard_Rock.wav,C#:maj,18.0s - 20.0s
garageband_guitar_Classic_Clean.wav,C#:maj,18.0s - 20.0s
garageband_guitar_Acoustic_Guitar.wav,C#:maj,18.0s - 20.0s
ableton_live_guitar_Guitar_Open.wav,C#:maj,18.0s - 20.0s
ableton_live_guitar_Nylon_Concerto_Guitar.wav,C#:maj,18.0s - 20.0s
ableton_live_guitar_Campfire.wav,C#:maj,18.0s - 20.0s
garageband_guitar_Hard_Rock.wav,D:maj,20.0s - 22.0s
garageband_guitar_Classic_Clean.wav,D:maj,20.0s - 22.0s
garageband_guitar_Acoustic_Guitar.wav,D:maj,20.0s - 22.0s
ableton_live_guitar_Guitar_Open.wav,D:maj,20.0s - 22.0s
ableton_live_guitar_Nylon_Concerto_Guitar.wav,D:maj,20.0s - 22.0s
ableton_live_guitar_Campfire.wav,D:maj,20.0s - 22.0s
garageband_guitar_Hard_Rock.wav,D#:maj,22.0s - 24.0s
garageband_guitar_Classic_Clean.wav,D#:maj,22.0s - 24.0s
garageband_guitar_Acoustic_Guitar.wav,D#:maj,22.0s - 24.0s
ableton_live_guitar_Guitar_Open.wav,D#:maj,22.0s - 24.0s
ableton_live_guitar_Nylon_Concerto_Guitar.wav,D#:maj,22.0s - 24.0s
ableton_live_guitar_Campfire.wav,D#:maj,22.0s - 24.0s
garageband_guitar_Hard_Rock.wav,E:maj,24.0s - 26.0s
garageband_guitar_Classic_Clean.wav,E:maj,24.0s - 26.0s
garageband_guitar_Acoustic_Guitar.wav,E:maj,24.0s - 26.0s
ableton_live_guitar_Guitar_Open.wav,E:maj,24.0s - 26.0s
ableton_live_guitar_Nylon_Concerto_Guitar.wav,E:maj,24.0s - 26.0s
ableton_live_guitar_Campfire.wav,E:maj,24.0s - 26.0s
garageband_guitar_Hard_Rock.wav,A:maj,26.0s - 28.0s
garageband_guitar_Classic_Clean.wav,A:maj,26.0s - 28.0s
garageband_guitar_Acoustic_Guitar.wav,A:maj,26.0s - 28.0s
ableton_live_guitar_Guitar_Open.wav,A:maj,26.0s - 28.0s
ableton_live_guitar_Nylon_Concerto_Guitar.wav,A:maj,26.0s - 28.0s
ableton_live_guitar_Campfire.wav,A:maj,26.0s - 28.0s
garageband_guitar_Hard_Rock.wav,A#:maj,28.0s - 30.0s
garageband_guitar_Classic_Clean.wav,A#:maj,28.0s - 30.0s
garageband_guitar_Acoustic_Guitar.wav,A#:maj,28.0s - 30.0s
ableton_live_guitar_Guitar_Open.wav,A#:maj,28.0s - 30.0s
ableton_live_guitar_Nylon_Concerto_Guitar.wav,A#:maj,28.0s - 30.0s
ableton_live_guitar_Campfire.wav,A#:maj,28.0s - 30.0s
garageband_guitar_Hard_Rock.wav,B:maj,30.0s - 32.0s
garageband_guitar_Classic_Clean.wav,B:maj,30.0s - 32.0s
garageband_guitar_Acoustic_Guitar.wav,B:maj,30.0s - 32.0s
ableton_live_guitar_Guitar_Open.wav,B:maj,30.0s - 32.0s
ableton_live_guitar_Nylon_Concerto_Guitar.wav,B:maj,30.0s - 32.0s
ableton_live_guitar_Campfire.wav,B:maj,30.0s - 32.0s
garageband_guitar_Hard_Rock.wav,C:maj,32.0s - 34.0s
garageband_guitar_Classic_Clean.wav,C:maj,32.0s - 34.0s
garageband_guitar_Acoustic_Guitar.wav,C:maj,32.0s - 34.0s
ableton_live_guitar_Guitar_Open.wav,C:maj,32.0s - 34.0s
ableton_live_guitar_Nylon_Concerto_Guitar.wav,C:maj,32.0s - 34.0s
ableton_live_guitar_Campfire.wav,C:maj,32.0s - 34.0s
garageband_guitar_Hard_Rock.wav,C#:maj,34.0s - 36.0s
garageband_guitar_Classic_Clean.wav,C#:maj,34.0s - 36.0s
garageband_guitar_Acoustic_Guitar.wav,C#:maj,34.0s - 36.0s
ableton_live_guitar_Guitar_Open.wav,C#:maj,34.0s - 36.0s
ableton_live_guitar_Nylon_Concerto_Guitar.wav,C#:maj,34.0s - 36.0s
ableton_live_guitar_Campfire.wav,C#:maj,34.0s - 36.0s
garageband_guitar_Hard_Rock.wav,D:maj,36.0s - 38.0s
garageband_guitar_Classic_Clean.wav,D:maj,36.0s - 38.0s
garageband_guitar_Acoustic_Guitar.wav,D:maj,36.0s - 38.0s
ableton_live_guitar_Guitar_Open.wav,D:maj,36.0s - 38.0s
ableton_live_guitar_Nylon_Concerto_Guitar.wav,D:maj,36.0s - 38.0s
ableton_live_guitar_Campfire.wav,D:maj,36.0s - 38.0s
garageband_guitar_Hard_Rock.wav,D#:maj,38.0s - 40.0s
garageband_guitar_Classic_Clean.wav,D#:maj,38.0s - 40.0s
garageband_guitar_Acoustic_Guitar.wav,D#:maj,38.0s - 40.0s
ableton_live_guitar_Guitar_Open.wav,D#:maj,38.0s - 40.0s
ableton_live_guitar_Nylon_Concerto_Guitar.wav,D#:maj,38.0s - 40.0s
ableton_live_guitar_Campfire.wav,D#:maj,38.0s - 40.0s
garageband_guitar_Hard_Rock.wav,E:maj,40.0s - 42.0s
garageband_guitar_Classic_Clean.wav,E:maj,40.0s - 42.0s
garageband_guitar_Acoustic_Guitar.wav,E:maj,40.0s - 42.0s
ableton_live_guitar_Guitar_Open.wav,E:maj,40.0s - 42.0s
ableton_live_guitar_Nylon_Concerto_Guitar.wav,E:maj,40.0s - 42.0s
ableton_live_guitar_Campfire.wav,E:maj,40.0s - 42.0s
garageband_guitar_Hard_Rock.wav,F:maj,42.0s - 44.0s
garageband_guitar_Classic_Clean.wav,F:maj,42.0s - 44.0s
garageband_guitar_Acoustic_Guitar.wav,F:maj,42.0s - 44.0s
ableton_live_guitar_Guitar_Open.wav,F:maj,42.0s - 44.0s
ableton_live_guitar_Nylon_Concerto_Guitar.wav,F:maj,42.0s - 44.0s
ableton_live_guitar_Campfire.wav,F:maj,42.0s - 44.0s
garageband_guitar_Hard_Rock.wav,F#:maj,44.0s - 46.0s
garageband_guitar_Classic_Clean.wav,F#:maj,44.0s - 46.0s
garageband_guitar_Acoustic_Guitar.wav,F#:maj,44.0s - 46.0s
ableton_live_guitar_Guitar_Open.wav,F#:maj,44.0s - 46.0s
ableton_live_guitar_Nylon_Concerto_Guitar.wav,F#:maj,44.0s - 46.0s
ableton_live_guitar_Campfire.wav,F#:maj,44.0s - 46.0s
garageband_guitar_Hard_Rock.wav,G:maj,46.0s - 48.0s
garageband_guitar_Classic_Clean.wav,G:maj,46.0s - 48.0s
garageband_guitar_Acoustic_Guitar.wav,G:maj,46.0s - 48.0s
ableton_live_guitar_Guitar_Open.wav,G:maj,46.0s - 48.0s
ableton_live_guitar_Nylon_Concerto_Guitar.wav,G:maj,46.0s - 48.0s
ableton_live_guitar_Campfire.wav,G:maj,46.0s - 48.0s
garageband_guitar_Hard_Rock.wav,G#:maj,48.0s - 50.0s
garageband_guitar_Classic_Clean.wav,G#:maj,48.0s - 50.0s
garageband_guitar_Acoustic_Guitar.wav,G#:maj,48.0s - 50.0s
ableton_live_guitar_Guitar_Open.wav,G#:maj,48.0s - 50.0s
ableton_live_guitar_Nylon_Concerto_Guitar.wav,G#:maj,48.0s - 50.0s
ableton_live_guitar_Campfire.wav,G#:maj,48.0s - 50.0s
garageband_guitar_Hard_Rock.wav,A:maj,50.0s - 52.0s
garageband_guitar_Classic_Clean.wav,A:maj,50.0s - 52.0s
garageband_guitar_Acoustic_Guitar.wav,A:maj,50.0s - 52.0s
ableton_live_guitar_Guitar_Open.wav,A:maj,50.0s - 52.0s
ableton_live_guitar_Nylon_Concerto_Guitar.wav,A:maj,50.0s - 52.0s
ableton_live_guitar_Campfire.wav,A:maj,50.0s - 52.0s
garageband_guitar_Hard_Rock.wav,D:maj,52.0s - 54.0s
garageband_guitar_Classic_Clean.wav,D:maj,52.0s - 54.0s
garageband_guitar_Acoustic_Guitar.wav,D:maj,52.0s - 54.0s
ableton_live_guitar_Guitar_Open.wav,D:maj,52.0s - 54.0s
ableton_live_guitar_Nylon_Concerto_Guitar.wav,D:maj,52.0s - 54.0s
ableton_live_guitar_Campfire.wav,D:maj,52.0s - 54.0s
garageband_guitar_Hard_Rock.wav,D#:maj,54.0s - 56.0s
garageband_guitar_Classic_Clean.wav,D#:maj,54.0s - 56.0s
garageband_guitar_Acoustic_Guitar.wav,D#:maj,54.0s - 56.0s
ableton_live_guitar_Guitar_Open.wav,D#:maj,54.0s - 56.0s
ableton_live_guitar_Nylon_Concerto_Guitar.wav,D#:maj,54.0s - 56.0s
ableton_live_guitar_Campfire.wav,D#:maj,54.0s - 56.0s
garageband_guitar_Hard_Rock.wav,E:maj,56.0s - 58.0s
garageband_guitar_Classic_Clean.wav,E:maj,56.0s - 58.0s
garageband_guitar_Acoustic_Guitar.wav,E:maj,56.0s - 58.0s
ableton_live_guitar_Guitar_Open.wav,E:maj,56.0s - 58.0s
ableton_live_guitar_Nylon_Concerto_Guitar.wav,E:maj,56.0s - 58.0s
ableton_live_guitar_Campfire.wav,E:maj,56.0s - 58.0s
garageband_guitar_Hard_Rock.wav,F:maj,58.0s - 60.0s
garageband_guitar_Classic_Clean.wav,F:maj,58.0s - 60.0s
garageband_guitar_Acoustic_Guitar.wav,F:maj,58.0s - 60.0s
ableton_live_guitar_Guitar_Open.wav,F:maj,58.0s - 60.0s
ableton_live_guitar_Nylon_Concerto_Guitar.wav,F:maj,58.0s - 60.0s
ableton_live_guitar_Campfire.wav,F:maj,58.0s - 60.0s
garageband_guitar_Hard_Rock.wav,F#:maj,60.0s - 62.0s
garageband_guitar_Classic_Clean.wav,F#:maj,60.0s - 62.0s
garageband_guitar_Acoustic_Guitar.wav,F#:maj,60.0s - 62.0s
ableton_live_guitar_Guitar_Open.wav,F#:maj,60.0s - 62.0s
ableton_live_guitar_Nylon_Concerto_Guitar.wav,F#:maj,60.0s - 62.0s
ableton_live_guitar_Campfire.wav,F#:maj,60.0s - 62.0s
garageband_guitar_Hard_Rock.wav,G:maj,62.0s - 64.0s
garageband_guitar_Classic_Clean.wav,G:maj,62.0s - 64.0s
garageband_guitar_Acoustic_Guitar.wav,G:maj,62.0s - 64.0s
ableton_live_guitar_Guitar_Open.wav,G:maj,62.0s - 64.0s
ableton_live_guitar_Nylon_Concerto_Guitar.wav,G:maj,62.0s - 64.0s
ableton_live_guitar_Campfire.wav,G:maj,62.0s - 64.0s
garageband_guitar_Hard_Rock.wav,G#:maj,64.0s - 66.0s
garageband_guitar_Classic_Clean.wav,G#:maj,64.0s - 66.0s
garageband_guitar_Acoustic_Guitar.wav,G#:maj,64.0s - 66.0s
ableton_live_guitar_Guitar_Open.wav,G#:maj,64.0s - 66.0s
ableton_live_guitar_Nylon_Concerto_Guitar.wav,G#:maj,64.0s - 66.0s
ableton_live_guitar_Campfire.wav,G#:maj,64.0s - 66.0s
garageband_guitar_Hard_Rock.wav,A:maj,66.0s - 68.0s
garageband_guitar_Classic_Clean.wav,A:maj,66.0s - 68.0s
garageband_guitar_Acoustic_Guitar.wav,A:maj,66.0s - 68.0s
ableton_live_guitar_Guitar_Open.wav,A:maj,66.0s - 68.0s
ableton_live_guitar_Nylon_Concerto_Guitar.wav,A:maj,66.0s - 68.0s
ableton_live_guitar_Campfire.wav,A:maj,66.0s - 68.0s
garageband_guitar_Hard_Rock.wav,A#:maj,68.0s - 70.0s
garageband_guitar_Classic_Clean.wav,A#:maj,68.0s - 70.0s
garageband_guitar_Acoustic_Guitar.wav,A#:maj,68.0s - 70.0s
ableton_live_guitar_Guitar_Open.wav,A#:maj,68.0s - 70.0s
ableton_live_guitar_Nylon_Concerto_Guitar.wav,A#:maj,68.0s - 70.0s
ableton_live_guitar_Campfire.wav,A#:maj,68.0s - 70.0s
garageband_guitar_Hard_Rock.wav,B:maj,70.0s - 72.0s
garageband_guitar_Classic_Clean.wav,B:maj,70.0s - 72.0s
garageband_guitar_Acoustic_Guitar.wav,B:maj,70.0s - 72.0s
ableton_live_guitar_Guitar_Open.wav,B:maj,70.0s - 72.0s
ableton_live_guitar_Nylon_Concerto_Guitar.wav,B:maj,70.0s - 72.0s
ableton_live_guitar_Campfire.wav,B:maj,70.0s - 72.0s
garageband_guitar_Hard_Rock.wav,C:maj,72.0s - 74.0s
garageband_guitar_Classic_Clean.wav,C:maj,72.0s - 74.0s
garageband_guitar_Acoustic_Guitar.wav,C:maj,72.0s - 74.0s
ableton_live_guitar_Guitar_Open.wav,C:maj,72.0s - 74.0s
ableton_live_guitar_Nylon_Concerto_Guitar.wav,C:maj,72.0s - 74.0s
ableton_live_guitar_Campfire.wav,C:maj,72.0s - 74.0s
garageband_guitar_Hard_Rock.wav,C#:maj,74.0s - 76.0s
garageband_guitar_Classic_Clean.wav,C#:maj,74.0s - 76.0s
garageband_guitar_Acoustic_Guitar.wav,C#:maj,74.0s - 76.0s
ableton_live_guitar_Guitar_Open.wav,C#:maj,74.0s - 76.0s
ableton_live_guitar_Nylon_Concerto_Guitar.wav,C#:maj,74.0s - 76.0s
ableton_live_guitar_Campfire.wav,C#:maj,74.0s - 76.0s
garageband_guitar_Hard_Rock.wav,D:maj,76.0s - 78.0s
garageband_guitar_Classic_Clean.wav,D:maj,76.0s - 78.0s
garageband_guitar_Acoustic_Guitar.wav,D:maj,76.0s - 78.0s
ableton_live_guitar_Guitar_Open.wav,D:maj,76.0s - 78.0s
ableton_live_guitar_Nylon_Concerto_Guitar.wav,D:maj,76.0s - 78.0s
ableton_live_guitar_Campfire.wav,D:maj,76.0s - 78.0s
garageband_guitar_Hard_Rock.wav,E:min,78.0s - 80.0s
garageband_guitar_Classic_Clean.wav,E:min,78.0s - 80.0s
garageband_guitar_Acoustic_Guitar.wav,E:min,78.0s - 80.0s
ableton_live_guitar_Guitar_Open.wav,E:min,78.0s - 80.0s
ableton_live_guitar_Nylon_Concerto_Guitar.wav,E:min,78.0s - 80.0s
ableton_live_guitar_Campfire.wav,E:min,78.0s - 80.0s
garageband_guitar_Hard_Rock.wav,F:min,80.0s - 82.0s
garageband_guitar_Classic_Clean.wav,F:min,80.0s - 82.0s
garageband_guitar_Acoustic_Guitar.wav,F:min,80.0s - 82.0s
ableton_live_guitar_Guitar_Open.wav,F:min,80.0s - 82.0s
ableton_live_guitar_Nylon_Concerto_Guitar.wav,F:min,80.0s - 82.0s
ableton_live_guitar_Campfire.wav,F:min,80.0s - 82.0s
garageband_guitar_Hard_Rock.wav,F#:min,82.0s - 84.0s
garageband_guitar_Classic_Clean.wav,F#:min,82.0s - 84.0s
garageband_guitar_Acoustic_Guitar.wav,F#:min,82.0s - 84.0s
ableton_live_guitar_Guitar_Open.wav,F#:min,82.0s - 84.0s
ableton_live_guitar_Nylon_Concerto_Guitar.wav,F#:min,82.0s - 84.0s
ableton_live_guitar_Campfire.wav,F#:min,82.0s - 84.0s
garageband_guitar_Hard_Rock.wav,G:min,84.0s - 86.0s
garageband_guitar_Classic_Clean.wav,G:min,84.0s - 86.0s
garageband_guitar_Acoustic_Guitar.wav,G:min,84.0s - 86.0s
ableton_live_guitar_Guitar_Open.wav,G:min,84.0s - 86.0s
ableton_live_guitar_Nylon_Concerto_Guitar.wav,G:min,84.0s - 86.0s
ableton_live_guitar_Campfire.wav,G:min,84.0s - 86.0s
garageband_guitar_Hard_Rock.wav,G#:min,86.0s - 88.0s
garageband_guitar_Classic_Clean.wav,G#:min,86.0s - 88.0s
garageband_guitar_Acoustic_Guitar.wav,G#:min,86.0s - 88.0s
ableton_live_guitar_Guitar_Open.wav,G#:min,86.0s - 88.0s
ableton_live_guitar_Nylon_Concerto_Guitar.wav,G#:min,86.0s - 88.0s
ableton_live_guitar_Campfire.wav,G#:min,86.0s - 88.0s
garageband_guitar_Hard_Rock.wav,A:min,88.0s - 90.0s
garageband_guitar_Classic_Clean.wav,A:min,88.0s - 90.0s
garageband_guitar_Acoustic_Guitar.wav,A:min,88.0s - 90.0s
ableton_live_guitar_Guitar_Open.wav,A:min,88.0s - 90.0s
ableton_live_guitar_Nylon_Concerto_Guitar.wav,A:min,88.0s - 90.0s
ableton_live_guitar_Campfire.wav,A:min,88.0s - 90.0s
garageband_guitar_Hard_Rock.wav,A#:min,90.0s - 92.0s
garageband_guitar_Classic_Clean.wav,A#:min,90.0s - 92.0s
garageband_guitar_Acoustic_Guitar.wav,A#:min,90.0s - 92.0s
ableton_live_guitar_Guitar_Open.wav,A#:min,90.0s - 92.0s
ableton_live_guitar_Nylon_Concerto_Guitar.wav,A#:min,90.0s - 92.0s
ableton_live_guitar_Campfire.wav,A#:min,90.0s - 92.0s
garageband_guitar_Hard_Rock.wav,B:min,92.0s - 94.0s
garageband_guitar_Classic_Clean.wav,B:min,92.0s - 94.0s
garageband_guitar_Acoustic_Guitar.wav,B:min,92.0s - 94.0s
ableton_live_guitar_Guitar_Open.wav,B:min,92.0s - 94.0s
ableton_live_guitar_Nylon_Concerto_Guitar.wav,B:min,92.0s - 94.0s
ableton_live_guitar_Campfire.wav,B:min,92.0s - 94.0s
garageband_guitar_Hard_Rock.wav,C:min,94.0s - 96.0s
garageband_guitar_Classic_Clean.wav,C:min,94.0s - 96.0s
garageband_guitar_Acoustic_Guitar.wav,C:min,94.0s - 96.0s
ableton_live_guitar_Guitar_Open.wav,C:min,94.0s - 96.0s
ableton_live_guitar_Nylon_Concerto_Guitar.wav,C:min,94.0s - 96.0s
ableton_live_guitar_Campfire.wav,C:min,94.0s - 96.0s
garageband_guitar_Hard_Rock.wav,C#:min,96.0s - 98.0s
garageband_guitar_Classic_Clean.wav,C#:min,96.0s - 98.0s
garageband_guitar_Acoustic_Guitar.wav,C#:min,96.0s - 98.0s
ableton_live_guitar_Guitar_Open.wav,C#:min,96.0s - 98.0s
ableton_live_guitar_Nylon_Concerto_Guitar.wav,C#:min,96.0s - 98.0s
ableton_live_guitar_Campfire.wav,C#:min,96.0s - 98.0s
garageband_guitar_Hard_Rock.wav,D:min,98.0s - 100.0s
garageband_guitar_Classic_Clean.wav,D:min,98.0s - 100.0s
garageband_guitar_Acoustic_Guitar.wav,D:min,98.0s - 100.0s
ableton_live_guitar_Guitar_Open.wav,D:min,98.0s - 100.0s
ableton_live_guitar_Nylon_Concerto_Guitar.wav,D:min,98.0s - 100.0s
ableton_live_guitar_Campfire.wav,D:min,98.0s - 100.0s
garageband_guitar_Hard_Rock.wav,D#:min,100.0s - 102.0s
garageband_guitar_Classic_Clean.wav,D#:min,100.0s - 102.0s
garageband_guitar_Acoustic_Guitar.wav,D#:min,100.0s - 102.0s
ableton_live_guitar_Guitar_Open.wav,D#:min,100.0s - 102.0s
ableton_live_guitar_Nylon_Concerto_Guitar.wav,D#:min,100.0s - 102.0s
ableton_live_guitar_Campfire.wav,D#:min,100.0s - 102.0s
garageband_guitar_Hard_Rock.wav,E:min,102.0s - 104.0s
garageband_guitar_Classic_Clean.wav,E:min,102.0s - 104.0s
garageband_guitar_Acoustic_Guitar.wav,E:min,102.0s - 104.0s
ableton_live_guitar_Guitar_Open.wav,E:min,102.0s - 104.0s
ableton_live_guitar_Nylon_Concerto_Guitar.wav,E:min,102.0s - 104.0s
ableton_live_guitar_Campfire.wav,E:min,102.0s - 104.0s
garageband_guitar_Hard_Rock.wav,A:min,104.0s - 106.0s
garageband_guitar_Classic_Clean.wav,A:min,104.0s - 106.0s
garageband_guitar_Acoustic_Guitar.wav,A:min,104.0s - 106.0s
ableton_live_guitar_Guitar_Open.wav,A:min,104.0s - 106.0s
ableton_live_guitar_Nylon_Concerto_Guitar.wav,A:min,104.0s - 106.0s
ableton_live_guitar_Campfire.wav,A:min,104.0s - 106.0s
garageband_guitar_Hard_Rock.wav,A#:min,106.0s - 108.0s
garageband_guitar_Classic_Clean.wav,A#:min,106.0s - 108.0s
garageband_guitar_Acoustic_Guitar.wav,A#:min,106.0s - 108.0s
ableton_live_guitar_Guitar_Open.wav,A#:min,106.0s - 108.0s
ableton_live_guitar_Nylon_Concerto_Guitar.wav,A#:min,106.0s - 108.0s
ableton_live_guitar_Campfire.wav,A#:min,106.0s - 108.0s
garageband_guitar_Hard_Rock.wav,B:min,108.0s - 110.0s
garageband_guitar_Classic_Clean.wav,B:min,108.0s - 110.0s
garageband_guitar_Acoustic_Guitar.wav,B:min,108.0s - 110.0s
ableton_live_guitar_Guitar_Open.wav,B:min,108.0s - 110.0s
ableton_live_guitar_Nylon_Concerto_Guitar.wav,B:min,108.0s - 110.0s
ableton_live_guitar_Campfire.wav,B:min,108.0s - 110.0s
garageband_guitar_Hard_Rock.wav,C:min,110.0s - 112.0s
garageband_guitar_Classic_Clean.wav,C:min,110.0s - 112.0s
garageband_guitar_Acoustic_Guitar.wav,C:min,110.0s - 112.0s
ableton_live_guitar_Guitar_Open.wav,C:min,110.0s - 112.0s
ableton_live_guitar_Nylon_Concerto_Guitar.wav,C:min,110.0s - 112.0s
ableton_live_guitar_Campfire.wav,C:min,110.0s - 112.0s
garageband_guitar_Hard_Rock.wav,C#:min,112.0s - 114.0s
garageband_guitar_Classic_Clean.wav,C#:min,112.0s - 114.0s
garageband_guitar_Acoustic_Guitar.wav,C#:min,112.0s - 114.0s
ableton_live_guitar_Guitar_Open.wav,C#:min,112.0s - 114.0s
ableton_live_guitar_Nylon_Concerto_Guitar.wav,C#:min,112.0s - 114.0s
ableton_live_guitar_Campfire.wav,C#:min,112.0s - 114.0s
garageband_guitar_Hard_Rock.wav,D:min,114.0s - 116.0s
garageband_guitar_Classic_Clean.wav,D:min,114.0s - 116.0s
garageband_guitar_Acoustic_Guitar.wav,D:min,114.0s - 116.0s
ableton_live_guitar_Guitar_Open.wav,D:min,114.0s - 116.0s
ableton_live_guitar_Nylon_Concerto_Guitar.wav,D:min,114.0s - 116.0s
ableton_live_guitar_Campfire.wav,D:min,114.0s - 116.0s
garageband_guitar_Hard_Rock.wav,D#:min,116.0s - 118.0s
garageband_guitar_Classic_Clean.wav,D#:min,116.0s - 118.0s
garageband_guitar_Acoustic_Guitar.wav,D#:min,116.0s - 118.0s
ableton_live_guitar_Guitar_Open.wav,D#:min,116.0s - 118.0s
ableton_live_guitar_Nylon_Concerto_Guitar.wav,D#:min,116.0s - 118.0s
ableton_live_guitar_Campfire.wav,D#:min,116.0s - 118.0s
garageband_guitar_Hard_Rock.wav,E:min,118.0s - 120.0s
garageband_guitar_Classic_Clean.wav,E:min,118.0s - 120.0s
garageband_guitar_Acoustic_Guitar.wav,E:min,118.0s - 120.0s
ableton_live_guitar_Guitar_Open.wav,E:min,118.0s - 120.0s
ableton_live_guitar_Nylon_Concerto_Guitar.wav,E:min,118.0s - 120.0s
ableton_live_guitar_Campfire.wav,E:min,118.0s - 120.0s
garageband_guitar_Hard_Rock.wav,F:min,120.0s - 122.0s
garageband_guitar_Classic_Clean.wav,F:min,120.0s - 122.0s
garageband_guitar_Acoustic_Guitar.wav,F:min,120.0s - 122.0s
ableton_live_guitar_Guitar_Open.wav,F:min,120.0s - 122.0s
ableton_live_guitar_Nylon_Concerto_Guitar.wav,F:min,120.0s - 122.0s
ableton_live_guitar_Campfire.wav,F:min,120.0s - 122.0s
garageband_guitar_Hard_Rock.wav,F#:min,122.0s - 124.0s
garageband_guitar_Classic_Clean.wav,F#:min,122.0s - 124.0s
garageband_guitar_Acoustic_Guitar.wav,F#:min,122.0s - 124.0s
ableton_live_guitar_Guitar_Open.wav,F#:min,122.0s - 124.0s
ableton_live_guitar_Nylon_Concerto_Guitar.wav,F#:min,122.0s - 124.0s
ableton_live_guitar_Campfire.wav,F#:min,122.0s - 124.0s
garageband_guitar_Hard_Rock.wav,G:min,124.0s - 126.0s
garageband_guitar_Classic_Clean.wav,G:min,124.0s - 126.0s
garageband_guitar_Acoustic_Guitar.wav,G:min,124.0s - 126.0s
ableton_live_guitar_Guitar_Open.wav,G:min,124.0s - 126.0s
ableton_live_guitar_Nylon_Concerto_Guitar.wav,G:min,124.0s - 126.0s
ableton_live_guitar_Campfire.wav,G:min,124.0s - 126.0s
garageband_guitar_Hard_Rock.wav,G#:min,126.0s - 128.0s
garageband_guitar_Classic_Clean.wav,G#:min,126.0s - 128.0s
garageband_guitar_Acoustic_Guitar.wav,G#:min,126.0s - 128.0s
ableton_live_guitar_Guitar_Open.wav,G#:min,126.0s - 128.0s
ableton_live_guitar_Nylon_Concerto_Guitar.wav,G#:min,126.0s - 128.0s
ableton_live_guitar_Campfire.wav,G#:min,126.0s - 128.0s
garageband_guitar_Hard_Rock.wav,A:min,128.0s - 130.0s
garageband_guitar_Classic_Clean.wav,A:min,128.0s - 130.0s
garageband_guitar_Acoustic_Guitar.wav,A:min,128.0s - 130.0s
ableton_live_guitar_Guitar_Open.wav,A:min,128.0s - 130.0s
ableton_live_guitar_Nylon_Concerto_Guitar.wav,A:min,128.0s - 130.0s
ableton_live_guitar_Campfire.wav,A:min,128.0s - 130.0s
garageband_guitar_Hard_Rock.wav,D:min,130.0s - 132.0s
garageband_guitar_Classic_Clean.wav,D:min,130.0s - 132.0s
garageband_guitar_Acoustic_Guitar.wav,D:min,130.0s - 132.0s
ableton_live_guitar_Guitar_Open.wav,D:min,130.0s - 132.0s
ableton_live_guitar_Nylon_Concerto_Guitar.wav,D:min,130.0s - 132.0s
ableton_live_guitar_Campfire.wav,D:min,130.0s - 132.0s
garageband_guitar_Hard_Rock.wav,D#:min,132.0s - 134.0s
garageband_guitar_Classic_Clean.wav,D#:min,132.0s - 134.0s
garageband_guitar_Acoustic_Guitar.wav,D#:min,132.0s - 134.0s
ableton_live_guitar_Guitar_Open.wav,D#:min,132.0s - 134.0s
ableton_live_guitar_Nylon_Concerto_Guitar.wav,D#:min,132.0s - 134.0s
ableton_live_guitar_Campfire.wav,D#:min,132.0s - 134.0s
garageband_guitar_Hard_Rock.wav,E:min,134.0s - 136.0s
garageband_guitar_Classic_Clean.wav,E:min,134.0s - 136.0s
garageband_guitar_Acoustic_Guitar.wav,E:min,134.0s - 136.0s
ableton_live_guitar_Guitar_Open.wav,E:min,134.0s - 136.0s
ableton_live_guitar_Nylon_Concerto_Guitar.wav,E:min,134.0s - 136.0s
ableton_live_guitar_Campfire.wav,E:min,134.0s - 136.0s
garageband_guitar_Hard_Rock.wav,F:min,136.0s - 138.0s
garageband_guitar_Classic_Clean.wav,F:min,136.0s - 138.0s
garageband_guitar_Acoustic_Guitar.wav,F:min,136.0s - 138.0s
ableton_live_guitar_Guitar_Open.wav,F:min,136.0s - 138.0s
ableton_live_guitar_Nylon_Concerto_Guitar.wav,F:min,136.0s - 138.0s
ableton_live_guitar_Campfire.wav,F:min,136.0s - 138.0s
garageband_guitar_Hard_Rock.wav,F#:min,138.0s - 140.0s
garageband_guitar_Classic_Clean.wav,F#:min,138.0s - 140.0s
garageband_guitar_Acoustic_Guitar.wav,F#:min,138.0s - 140.0s
ableton_live_guitar_Guitar_Open.wav,F#:min,138.0s - 140.0s
ableton_live_guitar_Nylon_Concerto_Guitar.wav,F#:min,138.0s - 140.0s
ableton_live_guitar_Campfire.wav,F#:min,138.0s - 140.0s
garageband_guitar_Hard_Rock.wav,G:min,140.0s - 142.0s
garageband_guitar_Classic_Clean.wav,G:min,140.0s - 142.0s
garageband_guitar_Acoustic_Guitar.wav,G:min,140.0s - 142.0s
ableton_live_guitar_Guitar_Open.wav,G:min,140.0s - 142.0s
ableton_live_guitar_Nylon_Concerto_Guitar.wav,G:min,140.0s - 142.0s
ableton_live_guitar_Campfire.wav,G:min,140.0s - 142.0s
garageband_guitar_Hard_Rock.wav,G#:min,142.0s - 144.0s
garageband_guitar_Classic_Clean.wav,G#:min,142.0s - 144.0s
garageband_guitar_Acoustic_Guitar.wav,G#:min,142.0s - 144.0s
ableton_live_guitar_Guitar_Open.wav,G#:min,142.0s - 144.0s
ableton_live_guitar_Nylon_Concerto_Guitar.wav,G#:min,142.0s - 144.0s
ableton_live_guitar_Campfire.wav,G#:min,142.0s - 144.0s
garageband_guitar_Hard_Rock.wav,A:min,144.0s - 146.0s
garageband_guitar_Classic_Clean.wav,A:min,144.0s - 146.0s
garageband_guitar_Acoustic_Guitar.wav,A:min,144.0s - 146.0s
ableton_live_guitar_Guitar_Open.wav,A:min,144.0s - 146.0s
ableton_live_guitar_Nylon_Concerto_Guitar.wav,A:min,144.0s - 146.0s
ableton_live_guitar_Campfire.wav,A:min,144.0s - 146.0s
garageband_guitar_Hard_Rock.wav,A#:min,146.0s - 148.0s
garageband_guitar_Classic_Clean.wav,A#:min,146.0s - 148.0s
garageband_guitar_Acoustic_Guitar.wav,A#:min,146.0s - 148.0s
ableton_live_guitar_Guitar_Open.wav,A#:min,146.0s - 148.0s
ableton_live_guitar_Nylon_Concerto_Guitar.wav,A#:min,146.0s - 148.0s
ableton_live_guitar_Campfire.wav,A#:min,146.0s - 148.0s
garageband_guitar_Hard_Rock.wav,B:min,148.0s - 150.0s
garageband_guitar_Classic_Clean.wav,B:min,148.0s - 150.0s
garageband_guitar_Acoustic_Guitar.wav,B:min,148.0s - 150.0s
ableton_live_guitar_Guitar_Open.wav,B:min,148.0s - 150.0s
ableton_live_guitar_Nylon_Concerto_Guitar.wav,B:min,148.0s - 150.0s
ableton_live_guitar_Campfire.wav,B:min,148.0s - 150.0s
garageband_guitar_Hard_Rock.wav,C:min,150.0s - 152.0s
garageband_guitar_Classic_Clean.wav,C:min,150.0s - 152.0s
garageband_guitar_Acoustic_Guitar.wav,C:min,150.0s - 152.0s
ableton_live_guitar_Guitar_Open.wav,C:min,150.0s - 152.0s
ableton_live_guitar_Nylon_Concerto_Guitar.wav,C:min,150.0s - 152.0s
ableton_live_guitar_Campfire.wav,C:min,150.0s - 152.0s
garageband_guitar_Hard_Rock.wav,C#:min,152.0s - 154.0s
garageband_guitar_Classic_Clean.wav,C#:min,152.0s - 154.0s
garageband_guitar_Acoustic_Guitar.wav,C#:min,152.0s - 154.0s
ableton_live_guitar_Guitar_Open.wav,C#:min,152.0s - 154.0s
ableton_live_guitar_Nylon_Concerto_Guitar.wav,C#:min,152.0s - 154.0s
ableton_live_guitar_Campfire.wav,C#:min,152.0s - 154.0s
garageband_guitar_Hard_Rock.wav,D:min,154.0s - 156.0s
garageband_guitar_Classic_Clean.wav,D:min,154.0s - 156.0s
garageband_guitar_Acoustic_Guitar.wav,D:min,154.0s - 156.0s
ableton_live_guitar_Guitar_Open.wav,D:min,154.0s - 156.0s
ableton_live_guitar_Nylon_Concerto_Guitar.wav,D:min,154.0s - 156.0s
ableton_live_guitar_Campfire.wav,D:min,154.0s - 156.0s
garageband_guitar_Hard_Rock.wav,E:maj7,156.0s - 158.0s
garageband_guitar_Classic_Clean.wav,E:maj7,156.0s - 158.0s
garageband_guitar_Acoustic_Guitar.wav,E:maj7,156.0s - 158.0s
ableton_live_guitar_Guitar_Open.wav,E:maj7,156.0s - 158.0s
ableton_live_guitar_Nylon_Concerto_Guitar.wav,E:maj7,156.0s - 158.0s
ableton_live_guitar_Campfire.wav,E:maj7,156.0s - 158.0s
garageband_guitar_Hard_Rock.wav,F:maj7,158.0s - 160.0s
garageband_guitar_Classic_Clean.wav,F:maj7,158.0s - 160.0s
garageband_guitar_Acoustic_Guitar.wav,F:maj7,158.0s - 160.0s
ableton_live_guitar_Guitar_Open.wav,F:maj7,158.0s - 160.0s
ableton_live_guitar_Nylon_Concerto_Guitar.wav,F:maj7,158.0s - 160.0s
ableton_live_guitar_Campfire.wav,F:maj7,158.0s - 160.0s
garageband_guitar_Hard_Rock.wav,F#:maj7,160.0s - 162.0s
garageband_guitar_Classic_Clean.wav,F#:maj7,160.0s - 162.0s
garageband_guitar_Acoustic_Guitar.wav,F#:maj7,160.0s - 162.0s
ableton_live_guitar_Guitar_Open.wav,F#:maj7,160.0s - 162.0s
ableton_live_guitar_Nylon_Concerto_Guitar.wav,F#:maj7,160.0s - 162.0s
ableton_live_guitar_Campfire.wav,F#:maj7,160.0s - 162.0s
garageband_guitar_Hard_Rock.wav,G:maj7,162.0s - 164.0s
garageband_guitar_Classic_Clean.wav,G:maj7,162.0s - 164.0s
garageband_guitar_Acoustic_Guitar.wav,G:maj7,162.0s - 164.0s
ableton_live_guitar_Guitar_Open.wav,G:maj7,162.0s - 164.0s
ableton_live_guitar_Nylon_Concerto_Guitar.wav,G:maj7,162.0s - 164.0s
ableton_live_guitar_Campfire.wav,G:maj7,162.0s - 164.0s
garageband_guitar_Hard_Rock.wav,G#:maj7,164.0s - 166.0s
garageband_guitar_Classic_Clean.wav,G#:maj7,164.0s - 166.0s
garageband_guitar_Acoustic_Guitar.wav,G#:maj7,164.0s - 166.0s
ableton_live_guitar_Guitar_Open.wav,G#:maj7,164.0s - 166.0s
ableton_live_guitar_Nylon_Concerto_Guitar.wav,G#:maj7,164.0s - 166.0s
ableton_live_guitar_Campfire.wav,G#:maj7,164.0s - 166.0s
garageband_guitar_Hard_Rock.wav,A:maj7,166.0s - 168.0s
garageband_guitar_Classic_Clean.wav,A:maj7,166.0s - 168.0s
garageband_guitar_Acoustic_Guitar.wav,A:maj7,166.0s - 168.0s
ableton_live_guitar_Guitar_Open.wav,A:maj7,166.0s - 168.0s
ableton_live_guitar_Nylon_Concerto_Guitar.wav,A:maj7,166.0s - 168.0s
ableton_live_guitar_Campfire.wav,A:maj7,166.0s - 168.0s
garageband_guitar_Hard_Rock.wav,A#:maj7,168.0s - 170.0s
garageband_guitar_Classic_Clean.wav,A#:maj7,168.0s - 170.0s
garageband_guitar_Acoustic_Guitar.wav,A#:maj7,168.0s - 170.0s
ableton_live_guitar_Guitar_Open.wav,A#:maj7,168.0s - 170.0s
ableton_live_guitar_Nylon_Concerto_Guitar.wav,A#:maj7,168.0s - 170.0s
ableton_live_guitar_Campfire.wav,A#:maj7,168.0s - 170.0s
garageband_guitar_Hard_Rock.wav,B:maj7,170.0s - 172.0s
garageband_guitar_Classic_Clean.wav,B:maj7,170.0s - 172.0s
garageband_guitar_Acoustic_Guitar.wav,B:maj7,170.0s - 172.0s
ableton_live_guitar_Guitar_Open.wav,B:maj7,170.0s - 172.0s
ableton_live_guitar_Nylon_Concerto_Guitar.wav,B:maj7,170.0s - 172.0s
ableton_live_guitar_Campfire.wav,B:maj7,170.0s - 172.0s
garageband_guitar_Hard_Rock.wav,C:maj7,172.0s - 174.0s
garageband_guitar_Classic_Clean.wav,C:maj7,172.0s - 174.0s
garageband_guitar_Acoustic_Guitar.wav,C:maj7,172.0s - 174.0s
ableton_live_guitar_Guitar_Open.wav,C:maj7,172.0s - 174.0s
ableton_live_guitar_Nylon_Concerto_Guitar.wav,C:maj7,172.0s - 174.0s
ableton_live_guitar_Campfire.wav,C:maj7,172.0s - 174.0s
garageband_guitar_Hard_Rock.wav,C#:maj7,174.0s - 176.0s
garageband_guitar_Classic_Clean.wav,C#:maj7,174.0s - 176.0s
garageband_guitar_Acoustic_Guitar.wav,C#:maj7,174.0s - 176.0s
ableton_live_guitar_Guitar_Open.wav,C#:maj7,174.0s - 176.0s
ableton_live_guitar_Nylon_Concerto_Guitar.wav,C#:maj7,174.0s - 176.0s
ableton_live_guitar_Campfire.wav,C#:maj7,174.0s - 176.0s
garageband_guitar_Hard_Rock.wav,D:maj7,176.0s - 178.0s
garageband_guitar_Classic_Clean.wav,D:maj7,176.0s - 178.0s
garageband_guitar_Acoustic_Guitar.wav,D:maj7,176.0s - 178.0s
ableton_live_guitar_Guitar_Open.wav,D:maj7,176.0s - 178.0s
ableton_live_guitar_Nylon_Concerto_Guitar.wav,D:maj7,176.0s - 178.0s
ableton_live_guitar_Campfire.wav,D:maj7,176.0s - 178.0s
garageband_guitar_Hard_Rock.wav,D#:maj7,178.0s - 180.0s
garageband_guitar_Classic_Clean.wav,D#:maj7,178.0s - 180.0s
garageband_guitar_Acoustic_Guitar.wav,D#:maj7,178.0s - 180.0s
ableton_live_guitar_Guitar_Open.wav,D#:maj7,178.0s - 180.0s
ableton_live_guitar_Nylon_Concerto_Guitar.wav,D#:maj7,178.0s - 180.0s
ableton_live_guitar_Campfire.wav,D#:maj7,178.0s - 180.0s
garageband_guitar_Hard_Rock.wav,E:maj7,180.0s - 182.0s
garageband_guitar_Classic_Clean.wav,E:maj7,180.0s - 182.0s
garageband_guitar_Acoustic_Guitar.wav,E:maj7,180.0s - 182.0s
ableton_live_guitar_Guitar_Open.wav,E:maj7,180.0s - 182.0s
ableton_live_guitar_Nylon_Concerto_Guitar.wav,E:maj7,180.0s - 182.0s
ableton_live_guitar_Campfire.wav,E:maj7,180.0s - 182.0s
garageband_guitar_Hard_Rock.wav,C:maj7,182.0s - 184.0s
garageband_guitar_Classic_Clean.wav,C:maj7,182.0s - 184.0s
garageband_guitar_Acoustic_Guitar.wav,C:maj7,182.0s - 184.0s
ableton_live_guitar_Guitar_Open.wav,C:maj7,182.0s - 184.0s
ableton_live_guitar_Nylon_Concerto_Guitar.wav,C:maj7,182.0s - 184.0s
ableton_live_guitar_Campfire.wav,C:maj7,182.0s - 184.0s
garageband_guitar_Hard_Rock.wav,C#:maj7,184.0s - 186.0s
garageband_guitar_Classic_Clean.wav,C#:maj7,184.0s - 186.0s
garageband_guitar_Acoustic_Guitar.wav,C#:maj7,184.0s - 186.0s
ableton_live_guitar_Guitar_Open.wav,C#:maj7,184.0s - 186.0s
ableton_live_guitar_Nylon_Concerto_Guitar.wav,C#:maj7,184.0s - 186.0s
ableton_live_guitar_Campfire.wav,C#:maj7,184.0s - 186.0s
garageband_guitar_Hard_Rock.wav,D:maj7,186.0s - 188.0s
garageband_guitar_Classic_Clean.wav,D:maj7,186.0s - 188.0s
garageband_guitar_Acoustic_Guitar.wav,D:maj7,186.0s - 188.0s
ableton_live_guitar_Guitar_Open.wav,D:maj7,186.0s - 188.0s
ableton_live_guitar_Nylon_Concerto_Guitar.wav,D:maj7,186.0s - 188.0s
ableton_live_guitar_Campfire.wav,D:maj7,186.0s - 188.0s
garageband_guitar_Hard_Rock.wav,D#:maj7,188.0s - 190.0s
garageband_guitar_Classic_Clean.wav,D#:maj7,188.0s - 190.0s
garageband_guitar_Acoustic_Guitar.wav,D#:maj7,188.0s - 190.0s
ableton_live_guitar_Guitar_Open.wav,D#:maj7,188.0s - 190.0s
ableton_live_guitar_Nylon_Concerto_Guitar.wav,D#:maj7,188.0s - 190.0s
ableton_live_guitar_Campfire.wav,D#:maj7,188.0s - 190.0s
garageband_guitar_Hard_Rock.wav,E:maj7,190.0s - 192.0s
garageband_guitar_Classic_Clean.wav,E:maj7,190.0s - 192.0s
garageband_guitar_Acoustic_Guitar.wav,E:maj7,190.0s - 192.0s
ableton_live_guitar_Guitar_Open.wav,E:maj7,190.0s - 192.0s
ableton_live_guitar_Nylon_Concerto_Guitar.wav,E:maj7,190.0s - 192.0s
ableton_live_guitar_Campfire.wav,E:maj7,190.0s - 192.0s
garageband_guitar_Hard_Rock.wav,F:maj7,192.0s - 194.0s
garageband_guitar_Classic_Clean.wav,F:maj7,192.0s - 194.0s
garageband_guitar_Acoustic_Guitar.wav,F:maj7,192.0s - 194.0s
ableton_live_guitar_Guitar_Open.wav,F:maj7,192.0s - 194.0s
ableton_live_guitar_Nylon_Concerto_Guitar.wav,F:maj7,192.0s - 194.0s
ableton_live_guitar_Campfire.wav,F:maj7,192.0s - 194.0s
garageband_guitar_Hard_Rock.wav,F#:maj7,194.0s - 196.0s
garageband_guitar_Classic_Clean.wav,F#:maj7,194.0s - 196.0s
garageband_guitar_Acoustic_Guitar.wav,F#:maj7,194.0s - 196.0s
ableton_live_guitar_Guitar_Open.wav,F#:maj7,194.0s - 196.0s
ableton_live_guitar_Nylon_Concerto_Guitar.wav,F#:maj7,194.0s - 196.0s
ableton_live_guitar_Campfire.wav,F#:maj7,194.0s - 196.0s
garageband_guitar_Hard_Rock.wav,G:maj7,196.0s - 198.0s
garageband_guitar_Classic_Clean.wav,G:maj7,196.0s - 198.0s
garageband_guitar_Acoustic_Guitar.wav,G:maj7,196.0s - 198.0s
ableton_live_guitar_Guitar_Open.wav,G:maj7,196.0s - 198.0s
ableton_live_guitar_Nylon_Concerto_Guitar.wav,G:maj7,196.0s - 198.0s
ableton_live_guitar_Campfire.wav,G:maj7,196.0s - 198.0s
garageband_guitar_Hard_Rock.wav,G#:maj7,198.0s - 200.0s
garageband_guitar_Classic_Clean.wav,G#:maj7,198.0s - 200.0s
garageband_guitar_Acoustic_Guitar.wav,G#:maj7,198.0s - 200.0s
ableton_live_guitar_Guitar_Open.wav,G#:maj7,198.0s - 200.0s
ableton_live_guitar_Nylon_Concerto_Guitar.wav,G#:maj7,198.0s - 200.0s
ableton_live_guitar_Campfire.wav,G#:maj7,198.0s - 200.0s
garageband_guitar_Hard_Rock.wav,A:maj7,200.0s - 202.0s
garageband_guitar_Classic_Clean.wav,A:maj7,200.0s - 202.0s
garageband_guitar_Acoustic_Guitar.wav,A:maj7,200.0s - 202.0s
ableton_live_guitar_Guitar_Open.wav,A:maj7,200.0s - 202.0s
ableton_live_guitar_Nylon_Concerto_Guitar.wav,A:maj7,200.0s - 202.0s
ableton_live_guitar_Campfire.wav,A:maj7,200.0s - 202.0s
garageband_guitar_Hard_Rock.wav,A#:maj7,202.0s - 204.0s
garageband_guitar_Classic_Clean.wav,A#:maj7,202.0s - 204.0s
garageband_guitar_Acoustic_Guitar.wav,A#:maj7,202.0s - 204.0s
ableton_live_guitar_Guitar_Open.wav,A#:maj7,202.0s - 204.0s
ableton_live_guitar_Nylon_Concerto_Guitar.wav,A#:maj7,202.0s - 204.0s
ableton_live_guitar_Campfire.wav,A#:maj7,202.0s - 204.0s
garageband_guitar_Hard_Rock.wav,B:maj7,204.0s - 206.0s
garageband_guitar_Classic_Clean.wav,B:maj7,204.0s - 206.0s
garageband_guitar_Acoustic_Guitar.wav,B:maj7,204.0s - 206.0s
ableton_live_guitar_Guitar_Open.wav,B:maj7,204.0s - 206.0s
ableton_live_guitar_Nylon_Concerto_Guitar.wav,B:maj7,204.0s - 206.0s
ableton_live_guitar_Campfire.wav,B:maj7,204.0s - 206.0s
garageband_guitar_Hard_Rock.wav,C:maj7,206.0s - 208.0s
garageband_guitar_Classic_Clean.wav,C:maj7,206.0s - 208.0s
garageband_guitar_Acoustic_Guitar.wav,C:maj7,206.0s - 208.0s
ableton_live_guitar_Guitar_Open.wav,C:maj7,206.0s - 208.0s
ableton_live_guitar_Nylon_Concerto_Guitar.wav,C:maj7,206.0s - 208.0s
ableton_live_guitar_Campfire.wav,C:maj7,206.0s - 208.0s
garageband_guitar_Hard_Rock.wav,F:maj7,208.0s - 210.0s
garageband_guitar_Classic_Clean.wav,F:maj7,208.0s - 210.0s
garageband_guitar_Acoustic_Guitar.wav,F:maj7,208.0s - 210.0s
ableton_live_guitar_Guitar_Open.wav,F:maj7,208.0s - 210.0s
ableton_live_guitar_Nylon_Concerto_Guitar.wav,F:maj7,208.0s - 210.0s
ableton_live_guitar_Campfire.wav,F:maj7,208.0s - 210.0s
garageband_guitar_Hard_Rock.wav,F#:maj7,210.0s - 212.0s
garageband_guitar_Classic_Clean.wav,F#:maj7,210.0s - 212.0s
garageband_guitar_Acoustic_Guitar.wav,F#:maj7,210.0s - 212.0s
ableton_live_guitar_Guitar_Open.wav,F#:maj7,210.0s - 212.0s
ableton_live_guitar_Nylon_Concerto_Guitar.wav,F#:maj7,210.0s - 212.0s
ableton_live_guitar_Campfire.wav,F#:maj7,210.0s - 212.0s
garageband_guitar_Hard_Rock.wav,G:maj7,212.0s - 214.0s
garageband_guitar_Classic_Clean.wav,G:maj7,212.0s - 214.0s
garageband_guitar_Acoustic_Guitar.wav,G:maj7,212.0s - 214.0s
ableton_live_guitar_Guitar_Open.wav,G:maj7,212.0s - 214.0s
ableton_live_guitar_Nylon_Concerto_Guitar.wav,G:maj7,212.0s - 214.0s
ableton_live_guitar_Campfire.wav,G:maj7,212.0s - 214.0s
garageband_guitar_Hard_Rock.wav,G#:maj7,214.0s - 216.0s
garageband_guitar_Classic_Clean.wav,G#:maj7,214.0s - 216.0s
garageband_guitar_Acoustic_Guitar.wav,G#:maj7,214.0s - 216.0s
ableton_live_guitar_Guitar_Open.wav,G#:maj7,214.0s - 216.0s
ableton_live_guitar_Nylon_Concerto_Guitar.wav,G#:maj7,214.0s - 216.0s
ableton_live_guitar_Campfire.wav,G#:maj7,214.0s - 216.0s
garageband_guitar_Hard_Rock.wav,A:maj7,216.0s - 218.0s
garageband_guitar_Classic_Clean.wav,A:maj7,216.0s - 218.0s
garageband_guitar_Acoustic_Guitar.wav,A:maj7,216.0s - 218.0s
ableton_live_guitar_Guitar_Open.wav,A:maj7,216.0s - 218.0s
ableton_live_guitar_Nylon_Concerto_Guitar.wav,A:maj7,216.0s - 218.0s
ableton_live_guitar_Campfire.wav,A:maj7,216.0s - 218.0s
garageband_guitar_Hard_Rock.wav,A#:maj7,218.0s - 220.0s
garageband_guitar_Classic_Clean.wav,A#:maj7,218.0s - 220.0s
garageband_guitar_Acoustic_Guitar.wav,A#:maj7,218.0s - 220.0s
ableton_live_guitar_Guitar_Open.wav,A#:maj7,218.0s - 220.0s
ableton_live_guitar_Nylon_Concerto_Guitar.wav,A#:maj7,218.0s - 220.0s
ableton_live_guitar_Campfire.wav,A#:maj7,218.0s - 220.0s
garageband_guitar_Hard_Rock.wav,B:maj7,220.0s - 222.0s
garageband_guitar_Classic_Clean.wav,B:maj7,220.0s - 222.0s
garageband_guitar_Acoustic_Guitar.wav,B:maj7,220.0s - 222.0s
ableton_live_guitar_Guitar_Open.wav,B:maj7,220.0s - 222.0s
ableton_live_guitar_Nylon_Concerto_Guitar.wav,B:maj7,220.0s - 222.0s
ableton_live_guitar_Campfire.wav,B:maj7,220.0s - 222.0s
garageband_guitar_Hard_Rock.wav,C:maj7,222.0s - 224.0s
garageband_guitar_Classic_Clean.wav,C:maj7,222.0s - 224.0s
garageband_guitar_Acoustic_Guitar.wav,C:maj7,222.0s - 224.0s
ableton_live_guitar_Guitar_Open.wav,C:maj7,222.0s - 224.0s
ableton_live_guitar_Nylon_Concerto_Guitar.wav,C:maj7,222.0s - 224.0s
ableton_live_guitar_Campfire.wav,C:maj7,222.0s - 224.0s
garageband_guitar_Hard_Rock.wav,C#:maj7,224.0s - 226.0s
garageband_guitar_Classic_Clean.wav,C#:maj7,224.0s - 226.0s
garageband_guitar_Acoustic_Guitar.wav,C#:maj7,224.0s - 226.0s
ableton_live_guitar_Guitar_Open.wav,C#:maj7,224.0s - 226.0s
ableton_live_guitar_Nylon_Concerto_Guitar.wav,C#:maj7,224.0s - 226.0s
ableton_live_guitar_Campfire.wav,C#:maj7,224.0s - 226.0s
garageband_guitar_Hard_Rock.wav,D:maj7,226.0s - 228.0s
garageband_guitar_Classic_Clean.wav,D:maj7,226.0s - 228.0s
garageband_guitar_Acoustic_Guitar.wav,D:maj7,226.0s - 228.0s
ableton_live_guitar_Guitar_Open.wav,D:maj7,226.0s - 228.0s
ableton_live_guitar_Nylon_Concerto_Guitar.wav,D:maj7,226.0s - 228.0s
ableton_live_guitar_Campfire.wav,D:maj7,226.0s - 228.0s
garageband_guitar_Hard_Rock.wav,D#:maj7,228.0s - 230.0s
garageband_guitar_Classic_Clean.wav,D#:maj7,228.0s - 230.0s
garageband_guitar_Acoustic_Guitar.wav,D#:maj7,228.0s - 230.0s
ableton_live_guitar_Guitar_Open.wav,D#:maj7,228.0s - 230.0s
ableton_live_guitar_Nylon_Concerto_Guitar.wav,D#:maj7,228.0s - 230.0s
ableton_live_guitar_Campfire.wav,D#:maj7,228.0s - 230.0s
garageband_guitar_Hard_Rock.wav,E:maj7,230.0s - 232.0s
garageband_guitar_Classic_Clean.wav,E:maj7,230.0s - 232.0s
garageband_guitar_Acoustic_Guitar.wav,E:maj7,230.0s - 232.0s
ableton_live_guitar_Guitar_Open.wav,E:maj7,230.0s - 232.0s
ableton_live_guitar_Nylon_Concerto_Guitar.wav,E:maj7,230.0s - 232.0s
ableton_live_guitar_Campfire.wav,E:maj7,230.0s - 232.0s
garageband_guitar_Hard_Rock.wav,F:maj7,232.0s - 234.0s
garageband_guitar_Classic_Clean.wav,F:maj7,232.0s - 234.0s
garageband_guitar_Acoustic_Guitar.wav,F:maj7,232.0s - 234.0s
ableton_live_guitar_Guitar_Open.wav,F:maj7,232.0s - 234.0s
ableton_live_guitar_Nylon_Concerto_Guitar.wav,F:maj7,232.0s - 234.0s
ableton_live_guitar_Campfire.wav,F:maj7,232.0s - 234.0s
garageband_guitar_Hard_Rock.wav,E:min7,234.0s - 236.0s
garageband_guitar_Classic_Clean.wav,E:min7,234.0s - 236.0s
garageband_guitar_Acoustic_Guitar.wav,E:min7,234.0s - 236.0s
ableton_live_guitar_Guitar_Open.wav,E:min7,234.0s - 236.0s
ableton_live_guitar_Nylon_Concerto_Guitar.wav,E:min7,234.0s - 236.0s
ableton_live_guitar_Campfire.wav,E:min7,234.0s - 236.0s
garageband_guitar_Hard_Rock.wav,F:min7,236.0s - 238.0s
garageband_guitar_Classic_Clean.wav,F:min7,236.0s - 238.0s
garageband_guitar_Acoustic_Guitar.wav,F:min7,236.0s - 238.0s
ableton_live_guitar_Guitar_Open.wav,F:min7,236.0s - 238.0s
ableton_live_guitar_Nylon_Concerto_Guitar.wav,F:min7,236.0s - 238.0s
ableton_live_guitar_Campfire.wav,F:min7,236.0s - 238.0s
garageband_guitar_Hard_Rock.wav,F#:min7,238.0s - 240.0s
garageband_guitar_Classic_Clean.wav,F#:min7,238.0s - 240.0s
garageband_guitar_Acoustic_Guitar.wav,F#:min7,238.0s - 240.0s
ableton_live_guitar_Guitar_Open.wav,F#:min7,238.0s - 240.0s
ableton_live_guitar_Nylon_Concerto_Guitar.wav,F#:min7,238.0s - 240.0s
ableton_live_guitar_Campfire.wav,F#:min7,238.0s - 240.0s
garageband_guitar_Hard_Rock.wav,G:min7,240.0s - 242.0s
garageband_guitar_Classic_Clean.wav,G:min7,240.0s - 242.0s
garageband_guitar_Acoustic_Guitar.wav,G:min7,240.0s - 242.0s
ableton_live_guitar_Guitar_Open.wav,G:min7,240.0s - 242.0s
ableton_live_guitar_Nylon_Concerto_Guitar.wav,G:min7,240.0s - 242.0s
ableton_live_guitar_Campfire.wav,G:min7,240.0s - 242.0s
garageband_guitar_Hard_Rock.wav,G#:min7,242.0s - 244.0s
garageband_guitar_Classic_Clean.wav,G#:min7,242.0s - 244.0s
garageband_guitar_Acoustic_Guitar.wav,G#:min7,242.0s - 244.0s
ableton_live_guitar_Guitar_Open.wav,G#:min7,242.0s - 244.0s
ableton_live_guitar_Nylon_Concerto_Guitar.wav,G#:min7,242.0s - 244.0s
ableton_live_guitar_Campfire.wav,G#:min7,242.0s - 244.0s
garageband_guitar_Hard_Rock.wav,A:min7,244.0s - 246.0s
garageband_guitar_Classic_Clean.wav,A:min7,244.0s - 246.0s
garageband_guitar_Acoustic_Guitar.wav,A:min7,244.0s - 246.0s
ableton_live_guitar_Guitar_Open.wav,A:min7,244.0s - 246.0s
ableton_live_guitar_Nylon_Concerto_Guitar.wav,A:min7,244.0s - 246.0s
ableton_live_guitar_Campfire.wav,A:min7,244.0s - 246.0s
garageband_guitar_Hard_Rock.wav,A#:min7,246.0s - 248.0s
garageband_guitar_Classic_Clean.wav,A#:min7,246.0s - 248.0s
garageband_guitar_Acoustic_Guitar.wav,A#:min7,246.0s - 248.0s
ableton_live_guitar_Guitar_Open.wav,A#:min7,246.0s - 248.0s
ableton_live_guitar_Nylon_Concerto_Guitar.wav,A#:min7,246.0s - 248.0s
ableton_live_guitar_Campfire.wav,A#:min7,246.0s - 248.0s
garageband_guitar_Hard_Rock.wav,B:min7,248.0s - 250.0s
garageband_guitar_Classic_Clean.wav,B:min7,248.0s - 250.0s
garageband_guitar_Acoustic_Guitar.wav,B:min7,248.0s - 250.0s
ableton_live_guitar_Guitar_Open.wav,B:min7,248.0s - 250.0s
ableton_live_guitar_Nylon_Concerto_Guitar.wav,B:min7,248.0s - 250.0s
ableton_live_guitar_Campfire.wav,B:min7,248.0s - 250.0s
garageband_guitar_Hard_Rock.wav,C:min7,250.0s - 252.0s
garageband_guitar_Classic_Clean.wav,C:min7,250.0s - 252.0s
garageband_guitar_Acoustic_Guitar.wav,C:min7,250.0s - 252.0s
ableton_live_guitar_Guitar_Open.wav,C:min7,250.0s - 252.0s
ableton_live_guitar_Nylon_Concerto_Guitar.wav,C:min7,250.0s - 252.0s
ableton_live_guitar_Campfire.wav,C:min7,250.0s - 252.0s
garageband_guitar_Hard_Rock.wav,C#:min7,252.0s - 254.0s
garageband_guitar_Classic_Clean.wav,C#:min7,252.0s - 254.0s
garageband_guitar_Acoustic_Guitar.wav,C#:min7,252.0s - 254.0s
ableton_live_guitar_Guitar_Open.wav,C#:min7,252.0s - 254.0s
ableton_live_guitar_Nylon_Concerto_Guitar.wav,C#:min7,252.0s - 254.0s
ableton_live_guitar_Campfire.wav,C#:min7,252.0s - 254.0s
garageband_guitar_Hard_Rock.wav,D:min7,254.0s - 256.0s
garageband_guitar_Classic_Clean.wav,D:min7,254.0s - 256.0s
garageband_guitar_Acoustic_Guitar.wav,D:min7,254.0s - 256.0s
ableton_live_guitar_Guitar_Open.wav,D:min7,254.0s - 256.0s
ableton_live_guitar_Nylon_Concerto_Guitar.wav,D:min7,254.0s - 256.0s
ableton_live_guitar_Campfire.wav,D:min7,254.0s - 256.0s
garageband_guitar_Hard_Rock.wav,D#:min7,256.0s - 258.0s
garageband_guitar_Classic_Clean.wav,D#:min7,256.0s - 258.0s
garageband_guitar_Acoustic_Guitar.wav,D#:min7,256.0s - 258.0s
ableton_live_guitar_Guitar_Open.wav,D#:min7,256.0s - 258.0s
ableton_live_guitar_Nylon_Concerto_Guitar.wav,D#:min7,256.0s - 258.0s
ableton_live_guitar_Campfire.wav,D#:min7,256.0s - 258.0s
garageband_guitar_Hard_Rock.wav,E:min7,258.0s - 260.0s
garageband_guitar_Classic_Clean.wav,E:min7,258.0s - 260.0s
garageband_guitar_Acoustic_Guitar.wav,E:min7,258.0s - 260.0s
ableton_live_guitar_Guitar_Open.wav,E:min7,258.0s - 260.0s
ableton_live_guitar_Nylon_Concerto_Guitar.wav,E:min7,258.0s - 260.0s
ableton_live_guitar_Campfire.wav,E:min7,258.0s - 260.0s
garageband_guitar_Hard_Rock.wav,A:min7,260.0s - 262.0s
garageband_guitar_Classic_Clean.wav,A:min7,260.0s - 262.0s
garageband_guitar_Acoustic_Guitar.wav,A:min7,260.0s - 262.0s
ableton_live_guitar_Guitar_Open.wav,A:min7,260.0s - 262.0s
ableton_live_guitar_Nylon_Concerto_Guitar.wav,A:min7,260.0s - 262.0s
ableton_live_guitar_Campfire.wav,A:min7,260.0s - 262.0s
garageband_guitar_Hard_Rock.wav,A#:min7,262.0s - 264.0s
garageband_guitar_Classic_Clean.wav,A#:min7,262.0s - 264.0s
garageband_guitar_Acoustic_Guitar.wav,A#:min7,262.0s - 264.0s
ableton_live_guitar_Guitar_Open.wav,A#:min7,262.0s - 264.0s
ableton_live_guitar_Nylon_Concerto_Guitar.wav,A#:min7,262.0s - 264.0s
ableton_live_guitar_Campfire.wav,A#:min7,262.0s - 264.0s
garageband_guitar_Hard_Rock.wav,B:min7,264.0s - 266.0s
garageband_guitar_Classic_Clean.wav,B:min7,264.0s - 266.0s
garageband_guitar_Acoustic_Guitar.wav,B:min7,264.0s - 266.0s
ableton_live_guitar_Guitar_Open.wav,B:min7,264.0s - 266.0s
ableton_live_guitar_Nylon_Concerto_Guitar.wav,B:min7,264.0s - 266.0s
ableton_live_guitar_Campfire.wav,B:min7,264.0s - 266.0s
garageband_guitar_Hard_Rock.wav,C:min7,266.0s - 268.0s
garageband_guitar_Classic_Clean.wav,C:min7,266.0s - 268.0s
garageband_guitar_Acoustic_Guitar.wav,C:min7,266.0s - 268.0s
ableton_live_guitar_Guitar_Open.wav,C:min7,266.0s - 268.0s
ableton_live_guitar_Nylon_Concerto_Guitar.wav,C:min7,266.0s - 268.0s
ableton_live_guitar_Campfire.wav,C:min7,266.0s - 268.0s
garageband_guitar_Hard_Rock.wav,C#:min7,268.0s - 270.0s
garageband_guitar_Classic_Clean.wav,C#:min7,268.0s - 270.0s
garageband_guitar_Acoustic_Guitar.wav,C#:min7,268.0s - 270.0s
ableton_live_guitar_Guitar_Open.wav,C#:min7,268.0s - 270.0s
ableton_live_guitar_Nylon_Concerto_Guitar.wav,C#:min7,268.0s - 270.0s
ableton_live_guitar_Campfire.wav,C#:min7,268.0s - 270.0s
garageband_guitar_Hard_Rock.wav,D:min7,270.0s - 272.0s
garageband_guitar_Classic_Clean.wav,D:min7,270.0s - 272.0s
garageband_guitar_Acoustic_Guitar.wav,D:min7,270.0s - 272.0s
ableton_live_guitar_Guitar_Open.wav,D:min7,270.0s - 272.0s
ableton_live_guitar_Nylon_Concerto_Guitar.wav,D:min7,270.0s - 272.0s
ableton_live_guitar_Campfire.wav,D:min7,270.0s - 272.0s
garageband_guitar_Hard_Rock.wav,D#:min7,272.0s - 274.0s
garageband_guitar_Classic_Clean.wav,D#:min7,272.0s - 274.0s
garageband_guitar_Acoustic_Guitar.wav,D#:min7,272.0s - 274.0s
ableton_live_guitar_Guitar_Open.wav,D#:min7,272.0s - 274.0s
ableton_live_guitar_Nylon_Concerto_Guitar.wav,D#:min7,272.0s - 274.0s
ableton_live_guitar_Campfire.wav,D#:min7,272.0s - 274.0s
garageband_guitar_Hard_Rock.wav,E:min7,274.0s - 276.0s
garageband_guitar_Classic_Clean.wav,E:min7,274.0s - 276.0s
garageband_guitar_Acoustic_Guitar.wav,E:min7,274.0s - 276.0s
ableton_live_guitar_Guitar_Open.wav,E:min7,274.0s - 276.0s
ableton_live_guitar_Nylon_Concerto_Guitar.wav,E:min7,274.0s - 276.0s
ableton_live_guitar_Campfire.wav,E:min7,274.0s - 276.0s
garageband_guitar_Hard_Rock.wav,F:min7,276.0s - 278.0s
garageband_guitar_Classic_Clean.wav,F:min7,276.0s - 278.0s
garageband_guitar_Acoustic_Guitar.wav,F:min7,276.0s - 278.0s
ableton_live_guitar_Guitar_Open.wav,F:min7,276.0s - 278.0s
ableton_live_guitar_Nylon_Concerto_Guitar.wav,F:min7,276.0s - 278.0s
ableton_live_guitar_Campfire.wav,F:min7,276.0s - 278.0s
garageband_guitar_Hard_Rock.wav,F#:min7,278.0s - 280.0s
garageband_guitar_Classic_Clean.wav,F#:min7,278.0s - 280.0s
garageband_guitar_Acoustic_Guitar.wav,F#:min7,278.0s - 280.0s
ableton_live_guitar_Guitar_Open.wav,F#:min7,278.0s - 280.0s
ableton_live_guitar_Nylon_Concerto_Guitar.wav,F#:min7,278.0s - 280.0s
ableton_live_guitar_Campfire.wav,F#:min7,278.0s - 280.0s
garageband_guitar_Hard_Rock.wav,G:min7,280.0s - 282.0s
garageband_guitar_Classic_Clean.wav,G:min7,280.0s - 282.0s
garageband_guitar_Acoustic_Guitar.wav,G:min7,280.0s - 282.0s
ableton_live_guitar_Guitar_Open.wav,G:min7,280.0s - 282.0s
ableton_live_guitar_Nylon_Concerto_Guitar.wav,G:min7,280.0s - 282.0s
ableton_live_guitar_Campfire.wav,G:min7,280.0s - 282.0s
garageband_guitar_Hard_Rock.wav,G#:min7,282.0s - 284.0s
garageband_guitar_Classic_Clean.wav,G#:min7,282.0s - 284.0s
garageband_guitar_Acoustic_Guitar.wav,G#:min7,282.0s - 284.0s
ableton_live_guitar_Guitar_Open.wav,G#:min7,282.0s - 284.0s
ableton_live_guitar_Nylon_Concerto_Guitar.wav,G#:min7,282.0s - 284.0s
ableton_live_guitar_Campfire.wav,G#:min7,282.0s - 284.0s
garageband_guitar_Hard_Rock.wav,A:min7,284.0s - 286.0s
garageband_guitar_Classic_Clean.wav,A:min7,284.0s - 286.0s
garageband_guitar_Acoustic_Guitar.wav,A:min7,284.0s - 286.0s
ableton_live_guitar_Guitar_Open.wav,A:min7,284.0s - 286.0s
ableton_live_guitar_Nylon_Concerto_Guitar.wav,A:min7,284.0s - 286.0s
ableton_live_guitar_Campfire.wav,A:min7,284.0s - 286.0s
garageband_guitar_Hard_Rock.wav,D:min7,286.0s - 288.0s
garageband_guitar_Classic_Clean.wav,D:min7,286.0s - 288.0s
garageband_guitar_Acoustic_Guitar.wav,D:min7,286.0s - 288.0s
ableton_live_guitar_Guitar_Open.wav,D:min7,286.0s - 288.0s
ableton_live_guitar_Nylon_Concerto_Guitar.wav,D:min7,286.0s - 288.0s
ableton_live_guitar_Campfire.wav,D:min7,286.0s - 288.0s
garageband_guitar_Hard_Rock.wav,D#:min7,288.0s - 290.0s
garageband_guitar_Classic_Clean.wav,D#:min7,288.0s - 290.0s
garageband_guitar_Acoustic_Guitar.wav,D#:min7,288.0s - 290.0s
ableton_live_guitar_Guitar_Open.wav,D#:min7,288.0s - 290.0s
ableton_live_guitar_Nylon_Concerto_Guitar.wav,D#:min7,288.0s - 290.0s
ableton_live_guitar_Campfire.wav,D#:min7,288.0s - 290.0s
garageband_guitar_Hard_Rock.wav,E:min7,290.0s - 292.0s
garageband_guitar_Classic_Clean.wav,E:min7,290.0s - 292.0s
garageband_guitar_Acoustic_Guitar.wav,E:min7,290.0s - 292.0s
ableton_live_guitar_Guitar_Open.wav,E:min7,290.0s - 292.0s
ableton_live_guitar_Nylon_Concerto_Guitar.wav,E:min7,290.0s - 292.0s
ableton_live_guitar_Campfire.wav,E:min7,290.0s - 292.0s
garageband_guitar_Hard_Rock.wav,F:min7,292.0s - 294.0s
garageband_guitar_Classic_Clean.wav,F:min7,292.0s - 294.0s
garageband_guitar_Acoustic_Guitar.wav,F:min7,292.0s - 294.0s
ableton_live_guitar_Guitar_Open.wav,F:min7,292.0s - 294.0s
ableton_live_guitar_Nylon_Concerto_Guitar.wav,F:min7,292.0s - 294.0s
ableton_live_guitar_Campfire.wav,F:min7,292.0s - 294.0s
garageband_guitar_Hard_Rock.wav,F#:min7,294.0s - 296.0s
garageband_guitar_Classic_Clean.wav,F#:min7,294.0s - 296.0s
garageband_guitar_Acoustic_Guitar.wav,F#:min7,294.0s - 296.0s
ableton_live_guitar_Guitar_Open.wav,F#:min7,294.0s - 296.0s
ableton_live_guitar_Nylon_Concerto_Guitar.wav,F#:min7,294.0s - 296.0s
ableton_live_guitar_Campfire.wav,F#:min7,294.0s - 296.0s
garageband_guitar_Hard_Rock.wav,G:min7,296.0s - 298.0s
garageband_guitar_Classic_Clean.wav,G:min7,296.0s - 298.0s
garageband_guitar_Acoustic_Guitar.wav,G:min7,296.0s - 298.0s
ableton_live_guitar_Guitar_Open.wav,G:min7,296.0s - 298.0s
ableton_live_guitar_Nylon_Concerto_Guitar.wav,G:min7,296.0s - 298.0s
ableton_live_guitar_Campfire.wav,G:min7,296.0s - 298.0s
garageband_guitar_Hard_Rock.wav,G#:min7,298.0s - 300.0s
garageband_guitar_Classic_Clean.wav,G#:min7,298.0s - 300.0s
garageband_guitar_Acoustic_Guitar.wav,G#:min7,298.0s - 300.0s
ableton_live_guitar_Guitar_Open.wav,G#:min7,298.0s - 300.0s
ableton_live_guitar_Nylon_Concerto_Guitar.wav,G#:min7,298.0s - 300.0s
ableton_live_guitar_Campfire.wav,G#:min7,298.0s - 300.0s
garageband_guitar_Hard_Rock.wav,A:min7,300.0s - 302.0s
garageband_guitar_Classic_Clean.wav,A:min7,300.0s - 302.0s
garageband_guitar_Acoustic_Guitar.wav,A:min7,300.0s - 302.0s
ableton_live_guitar_Guitar_Open.wav,A:min7,300.0s - 302.0s
ableton_live_guitar_Nylon_Concerto_Guitar.wav,A:min7,300.0s - 302.0s
ableton_live_guitar_Campfire.wav,A:min7,300.0s - 302.0s
garageband_guitar_Hard_Rock.wav,A#:min7,302.0s - 304.0s
garageband_guitar_Classic_Clean.wav,A#:min7,302.0s - 304.0s
garageband_guitar_Acoustic_Guitar.wav,A#:min7,302.0s - 304.0s
ableton_live_guitar_Guitar_Open.wav,A#:min7,302.0s - 304.0s
ableton_live_guitar_Nylon_Concerto_Guitar.wav,A#:min7,302.0s - 304.0s
ableton_live_guitar_Campfire.wav,A#:min7,302.0s - 304.0s
garageband_guitar_Hard_Rock.wav,B:min7,304.0s - 306.0s
garageband_guitar_Classic_Clean.wav,B:min7,304.0s - 306.0s
garageband_guitar_Acoustic_Guitar.wav,B:min7,304.0s - 306.0s
ableton_live_guitar_Guitar_Open.wav,B:min7,304.0s - 306.0s
ableton_live_guitar_Nylon_Concerto_Guitar.wav,B:min7,304.0s - 306.0s
ableton_live_guitar_Campfire.wav,B:min7,304.0s - 306.0s
garageband_guitar_Hard_Rock.wav,C:min7,306.0s - 308.0s
garageband_guitar_Classic_Clean.wav,C:min7,306.0s - 308.0s
garageband_guitar_Acoustic_Guitar.wav,C:min7,306.0s - 308.0s
ableton_live_guitar_Guitar_Open.wav,C:min7,306.0s - 308.0s
ableton_live_guitar_Nylon_Concerto_Guitar.wav,C:min7,306.0s - 308.0s
ableton_live_guitar_Campfire.wav,C:min7,306.0s - 308.0s
garageband_guitar_Hard_Rock.wav,C#:min7,308.0s - 310.0s
garageband_guitar_Classic_Clean.wav,C#:min7,308.0s - 310.0s
garageband_guitar_Acoustic_Guitar.wav,C#:min7,308.0s - 310.0s
ableton_live_guitar_Guitar_Open.wav,C#:min7,308.0s - 310.0s
ableton_live_guitar_Nylon_Concerto_Guitar.wav,C#:min7,308.0s - 310.0s
ableton_live_guitar_Campfire.wav,C#:min7,308.0s - 310.0s
garageband_guitar_Hard_Rock.wav,D:min7,310.0s - 312.0s
garageband_guitar_Classic_Clean.wav,D:min7,310.0s - 312.0s
garageband_guitar_Acoustic_Guitar.wav,D:min7,310.0s - 312.0s
ableton_live_guitar_Guitar_Open.wav,D:min7,310.0s - 312.0s
ableton_live_guitar_Nylon_Concerto_Guitar.wav,D:min7,310.0s - 312.0s
ableton_live_guitar_Campfire.wav,D:min7,310.0s - 312.0s
garageband_guitar_Hard_Rock.wav,D:5,312.0s - 314.0s
garageband_guitar_Classic_Clean.wav,D:5,312.0s - 314.0s
garageband_guitar_Acoustic_Guitar.wav,D:5,312.0s - 314.0s
ableton_live_guitar_Guitar_Open.wav,D:5,312.0s - 314.0s
ableton_live_guitar_Nylon_Concerto_Guitar.wav,D:5,312.0s - 314.0s
ableton_live_guitar_Campfire.wav,D:5,312.0s - 314.0s
garageband_guitar_Hard_Rock.wav,D#:5,314.0s - 316.0s
garageband_guitar_Classic_Clean.wav,D#:5,314.0s - 316.0s
garageband_guitar_Acoustic_Guitar.wav,D#:5,314.0s - 316.0s
ableton_live_guitar_Guitar_Open.wav,D#:5,314.0s - 316.0s
ableton_live_guitar_Nylon_Concerto_Guitar.wav,D#:5,314.0s - 316.0s
ableton_live_guitar_Campfire.wav,D#:5,314.0s - 316.0s
garageband_guitar_Hard_Rock.wav,E:5,316.0s - 318.0s
garageband_guitar_Classic_Clean.wav,E:5,316.0s - 318.0s
garageband_guitar_Acoustic_Guitar.wav,E:5,316.0s - 318.0s
ableton_live_guitar_Guitar_Open.wav,E:5,316.0s - 318.0s
ableton_live_guitar_Nylon_Concerto_Guitar.wav,E:5,316.0s - 318.0s
ableton_live_guitar_Campfire.wav,E:5,316.0s - 318.0s
garageband_guitar_Hard_Rock.wav,F:5,318.0s - 320.0s
garageband_guitar_Classic_Clean.wav,F:5,318.0s - 320.0s
garageband_guitar_Acoustic_Guitar.wav,F:5,318.0s - 320.0s
ableton_live_guitar_Guitar_Open.wav,F:5,318.0s - 320.0s
ableton_live_guitar_Nylon_Concerto_Guitar.wav,F:5,318.0s - 320.0s
ableton_live_guitar_Campfire.wav,F:5,318.0s - 320.0s
garageband_guitar_Hard_Rock.wav,F#:5,320.0s - 322.0s
garageband_guitar_Classic_Clean.wav,F#:5,320.0s - 322.0s
garageband_guitar_Acoustic_Guitar.wav,F#:5,320.0s - 322.0s
ableton_live_guitar_Guitar_Open.wav,F#:5,320.0s - 322.0s
ableton_live_guitar_Nylon_Concerto_Guitar.wav,F#:5,320.0s - 322.0s
ableton_live_guitar_Campfire.wav,F#:5,320.0s - 322.0s
garageband_guitar_Hard_Rock.wav,G:5,322.0s - 324.0s
garageband_guitar_Classic_Clean.wav,G:5,322.0s - 324.0s
garageband_guitar_Acoustic_Guitar.wav,G:5,322.0s - 324.0s
ableton_live_guitar_Guitar_Open.wav,G:5,322.0s - 324.0s
ableton_live_guitar_Nylon_Concerto_Guitar.wav,G:5,322.0s - 324.0s
ableton_live_guitar_Campfire.wav,G:5,322.0s - 324.0s
garageband_guitar_Hard_Rock.wav,G#:5,324.0s - 326.0s
garageband_guitar_Classic_Clean.wav,G#:5,324.0s - 326.0s
garageband_guitar_Acoustic_Guitar.wav,G#:5,324.0s - 326.0s
ableton_live_guitar_Guitar_Open.wav,G#:5,324.0s - 326.0s
ableton_live_guitar_Nylon_Concerto_Guitar.wav,G#:5,324.0s - 326.0s
ableton_live_guitar_Campfire.wav,G#:5,324.0s - 326.0s
garageband_guitar_Hard_Rock.wav,A:5,326.0s - 328.0s
garageband_guitar_Classic_Clean.wav,A:5,326.0s - 328.0s
garageband_guitar_Acoustic_Guitar.wav,A:5,326.0s - 328.0s
ableton_live_guitar_Guitar_Open.wav,A:5,326.0s - 328.0s
ableton_live_guitar_Nylon_Concerto_Guitar.wav,A:5,326.0s - 328.0s
ableton_live_guitar_Campfire.wav,A:5,326.0s - 328.0s
garageband_guitar_Hard_Rock.wav,A#:5,328.0s - 330.0s
garageband_guitar_Classic_Clean.wav,A#:5,328.0s - 330.0s
garageband_guitar_Acoustic_Guitar.wav,A#:5,328.0s - 330.0s
ableton_live_guitar_Guitar_Open.wav,A#:5,328.0s - 330.0s
ableton_live_guitar_Nylon_Concerto_Guitar.wav,A#:5,328.0s - 330.0s
ableton_live_guitar_Campfire.wav,A#:5,328.0s - 330.0s
garageband_guitar_Hard_Rock.wav,B:5,330.0s - 332.0s
garageband_guitar_Classic_Clean.wav,B:5,330.0s - 332.0s
garageband_guitar_Acoustic_Guitar.wav,B:5,330.0s - 332.0s
ableton_live_guitar_Guitar_Open.wav,B:5,330.0s - 332.0s
ableton_live_guitar_Nylon_Concerto_Guitar.wav,B:5,330.0s - 332.0s
ableton_live_guitar_Campfire.wav,B:5,330.0s - 332.0s
garageband_guitar_Hard_Rock.wav,C:5,332.0s - 334.0s
garageband_guitar_Classic_Clean.wav,C:5,332.0s - 334.0s
garageband_guitar_Acoustic_Guitar.wav,C:5,332.0s - 334.0s
ableton_live_guitar_Guitar_Open.wav,C:5,332.0s - 334.0s
ableton_live_guitar_Nylon_Concerto_Guitar.wav,C:5,332.0s - 334.0s
ableton_live_guitar_Campfire.wav,C:5,332.0s - 334.0s
garageband_guitar_Hard_Rock.wav,C#:5,334.0s - 336.0s
garageband_guitar_Classic_Clean.wav,C#:5,334.0s - 336.0s
garageband_guitar_Acoustic_Guitar.wav,C#:5,334.0s - 336.0s
ableton_live_guitar_Guitar_Open.wav,C#:5,334.0s - 336.0s
ableton_live_guitar_Nylon_Concerto_Guitar.wav,C#:5,334.0s - 336.0s
ableton_live_guitar_Campfire.wav,C#:5,334.0s - 336.0s
garageband_guitar_Hard_Rock.wav,D:5,336.0s - 338.0s
garageband_guitar_Classic_Clean.wav,D:5,336.0s - 338.0s
garageband_guitar_Acoustic_Guitar.wav,D:5,336.0s - 338.0s
ableton_live_guitar_Guitar_Open.wav,D:5,336.0s - 338.0s
ableton_live_guitar_Nylon_Concerto_Guitar.wav,D:5,336.0s - 338.0s
ableton_live_guitar_Campfire.wav,D:5,336.0s - 338.0s
garageband_guitar_Hard_Rock.wav,D:5,338.0s - 340.0s
garageband_guitar_Classic_Clean.wav,D:5,338.0s - 340.0s
garageband_guitar_Acoustic_Guitar.wav,D:5,338.0s - 340.0s
ableton_live_guitar_Guitar_Open.wav,D:5,338.0s - 340.0s
ableton_live_guitar_Nylon_Concerto_Guitar.wav,D:5,338.0s - 340.0s
ableton_live_guitar_Campfire.wav,D:5,338.0s - 340.0s
garageband_guitar_Hard_Rock.wav,D#:5,340.0s - 342.0s
garageband_guitar_Classic_Clean.wav,D#:5,340.0s - 342.0s
garageband_guitar_Acoustic_Guitar.wav,D#:5,340.0s - 342.0s
ableton_live_guitar_Guitar_Open.wav,D#:5,340.0s - 342.0s
ableton_live_guitar_Nylon_Concerto_Guitar.wav,D#:5,340.0s - 342.0s
ableton_live_guitar_Campfire.wav,D#:5,340.0s - 342.0s
garageband_guitar_Hard_Rock.wav,E:5,342.0s - 344.0s
garageband_guitar_Classic_Clean.wav,E:5,342.0s - 344.0s
garageband_guitar_Acoustic_Guitar.wav,E:5,342.0s - 344.0s
ableton_live_guitar_Guitar_Open.wav,E:5,342.0s - 344.0s
ableton_live_guitar_Nylon_Concerto_Guitar.wav,E:5,342.0s - 344.0s
ableton_live_guitar_Campfire.wav,E:5,342.0s - 344.0s
garageband_guitar_Hard_Rock.wav,F:5,344.0s - 346.0s
garageband_guitar_Classic_Clean.wav,F:5,344.0s - 346.0s
garageband_guitar_Acoustic_Guitar.wav,F:5,344.0s - 346.0s
ableton_live_guitar_Guitar_Open.wav,F:5,344.0s - 346.0s
ableton_live_guitar_Nylon_Concerto_Guitar.wav,F:5,344.0s - 346.0s
ableton_live_guitar_Campfire.wav,F:5,344.0s - 346.0s
garageband_guitar_Hard_Rock.wav,F#:5,346.0s - 348.0s
garageband_guitar_Classic_Clean.wav,F#:5,346.0s - 348.0s
garageband_guitar_Acoustic_Guitar.wav,F#:5,346.0s - 348.0s
ableton_live_guitar_Guitar_Open.wav,F#:5,346.0s - 348.0s
ableton_live_guitar_Nylon_Concerto_Guitar.wav,F#:5,346.0s - 348.0s
ableton_live_guitar_Campfire.wav,F#:5,346.0s - 348.0s
garageband_guitar_Hard_Rock.wav,G:5,348.0s - 350.0s
garageband_guitar_Classic_Clean.wav,G:5,348.0s - 350.0s
garageband_guitar_Acoustic_Guitar.wav,G:5,348.0s - 350.0s
ableton_live_guitar_Guitar_Open.wav,G:5,348.0s - 350.0s
ableton_live_guitar_Nylon_Concerto_Guitar.wav,G:5,348.0s - 350.0s
ableton_live_guitar_Campfire.wav,G:5,348.0s - 350.0s
garageband_guitar_Hard_Rock.wav,G#:5,350.0s - 352.0s
garageband_guitar_Classic_Clean.wav,G#:5,350.0s - 352.0s
garageband_guitar_Acoustic_Guitar.wav,G#:5,350.0s - 352.0s
ableton_live_guitar_Guitar_Open.wav,G#:5,350.0s - 352.0s
ableton_live_guitar_Nylon_Concerto_Guitar.wav,G#:5,350.0s - 352.0s
ableton_live_guitar_Campfire.wav,G#:5,350.0s - 352.0s
garageband_guitar_Hard_Rock.wav,A:5,352.0s - 354.0s
garageband_guitar_Classic_Clean.wav,A:5,352.0s - 354.0s
garageband_guitar_Acoustic_Guitar.wav,A:5,352.0s - 354.0s
ableton_live_guitar_Guitar_Open.wav,A:5,352.0s - 354.0s
ableton_live_guitar_Nylon_Concerto_Guitar.wav,A:5,352.0s - 354.0s
ableton_live_guitar_Campfire.wav,A:5,352.0s - 354.0s
garageband_guitar_Hard_Rock.wav,A#:5,354.0s - 356.0s
garageband_guitar_Classic_Clean.wav,A#:5,354.0s - 356.0s
garageband_guitar_Acoustic_Guitar.wav,A#:5,354.0s - 356.0s
ableton_live_guitar_Guitar_Open.wav,A#:5,354.0s - 356.0s
ableton_live_guitar_Nylon_Concerto_Guitar.wav,A#:5,354.0s - 356.0s
ableton_live_guitar_Campfire.wav,A#:5,354.0s - 356.0s
garageband_guitar_Hard_Rock.wav,B:5,356.0s - 358.0s
garageband_guitar_Classic_Clean.wav,B:5,356.0s - 358.0s
garageband_guitar_Acoustic_Guitar.wav,B:5,356.0s - 358.0s
ableton_live_guitar_Guitar_Open.wav,B:5,356.0s - 358.0s
ableton_live_guitar_Nylon_Concerto_Guitar.wav,B:5,356.0s - 358.0s
ableton_live_guitar_Campfire.wav,B:5,356.0s - 358.0s
garageband_guitar_Hard_Rock.wav,C:5,358.0s - 360.0s
garageband_guitar_Classic_Clean.wav,C:5,358.0s - 360.0s
garageband_guitar_Acoustic_Guitar.wav,C:5,358.0s - 360.0s
ableton_live_guitar_Guitar_Open.wav,C:5,358.0s - 360.0s
ableton_live_guitar_Nylon_Concerto_Guitar.wav,C:5,358.0s - 360.0s
ableton_live_guitar_Campfire.wav,C:5,358.0s - 360.0s
garageband_guitar_Hard_Rock.wav,C#:5,360.0s - 362.0s
garageband_guitar_Classic_Clean.wav,C#:5,360.0s - 362.0s
garageband_guitar_Acoustic_Guitar.wav,C#:5,360.0s - 362.0s
ableton_live_guitar_Guitar_Open.wav,C#:5,360.0s - 362.0s
ableton_live_guitar_Nylon_Concerto_Guitar.wav,C#:5,360.0s - 362.0s
ableton_live_guitar_Campfire.wav,C#:5,360.0s - 362.0s
garageband_guitar_Hard_Rock.wav,D:5,362.0s - 364.0s
garageband_guitar_Classic_Clean.wav,D:5,362.0s - 364.0s
garageband_guitar_Acoustic_Guitar.wav,D:5,362.0s - 364.0s
ableton_live_guitar_Guitar_Open.wav,D:5,362.0s - 364.0s
ableton_live_guitar_Nylon_Concerto_Guitar.wav,D:5,362.0s - 364.0s
ableton_live_guitar_Campfire.wav,D:5,362.0s - 364.0s
garageband_guitar_Hard_Rock.wav,A:5,364.0s - 366.0s
garageband_guitar_Classic_Clean.wav,A:5,364.0s - 366.0s
garageband_guitar_Acoustic_Guitar.wav,A:5,364.0s - 366.0s
ableton_live_guitar_Guitar_Open.wav,A:5,364.0s - 366.0s
ableton_live_guitar_Nylon_Concerto_Guitar.wav,A:5,364.0s - 366.0s
ableton_live_guitar_Campfire.wav,A:5,364.0s - 366.0s
garageband_guitar_Hard_Rock.wav,A#:5,366.0s - 368.0s
garageband_guitar_Classic_Clean.wav,A#:5,366.0s - 368.0s
garageband_guitar_Acoustic_Guitar.wav,A#:5,366.0s - 368.0s
ableton_live_guitar_Guitar_Open.wav,A#:5,366.0s - 368.0s
ableton_live_guitar_Nylon_Concerto_Guitar.wav,A#:5,366.0s - 368.0s
ableton_live_guitar_Campfire.wav,A#:5,366.0s - 368.0s
garageband_guitar_Hard_Rock.wav,B:5,368.0s - 370.0s
garageband_guitar_Classic_Clean.wav,B:5,368.0s - 370.0s
garageband_guitar_Acoustic_Guitar.wav,B:5,368.0s - 370.0s
ableton_live_guitar_Guitar_Open.wav,B:5,368.0s - 370.0s
ableton_live_guitar_Nylon_Concerto_Guitar.wav,B:5,368.0s - 370.0s
ableton_live_guitar_Campfire.wav,B:5,368.0s - 370.0s
garageband_guitar_Hard_Rock.wav,C:5,370.0s - 372.0s
garageband_guitar_Classic_Clean.wav,C:5,370.0s - 372.0s
garageband_guitar_Acoustic_Guitar.wav,C:5,370.0s - 372.0s
ableton_live_guitar_Guitar_Open.wav,C:5,370.0s - 372.0s
ableton_live_guitar_Nylon_Concerto_Guitar.wav,C:5,370.0s - 372.0s
ableton_live_guitar_Campfire.wav,C:5,370.0s - 372.0s
garageband_guitar_Hard_Rock.wav,C#:5,372.0s - 374.0s
garageband_guitar_Classic_Clean.wav,C#:5,372.0s - 374.0s
garageband_guitar_Acoustic_Guitar.wav,C#:5,372.0s - 374.0s
ableton_live_guitar_Guitar_Open.wav,C#:5,372.0s - 374.0s
ableton_live_guitar_Nylon_Concerto_Guitar.wav,C#:5,372.0s - 374.0s
ableton_live_guitar_Campfire.wav,C#:5,372.0s - 374.0s
garageband_guitar_Hard_Rock.wav,D:5,374.0s - 376.0s
garageband_guitar_Classic_Clean.wav,D:5,374.0s - 376.0s
garageband_guitar_Acoustic_Guitar.wav,D:5,374.0s - 376.0s
ableton_live_guitar_Guitar_Open.wav,D:5,374.0s - 376.0s
ableton_live_guitar_Nylon_Concerto_Guitar.wav,D:5,374.0s - 376.0s
ableton_live_guitar_Campfire.wav,D:5,374.0s - 376.0s
garageband_guitar_Hard_Rock.wav,D#:5,376.0s - 378.0s
garageband_guitar_Classic_Clean.wav,D#:5,376.0s - 378.0s
garageband_guitar_Acoustic_Guitar.wav,D#:5,376.0s - 378.0s
ableton_live_guitar_Guitar_Open.wav,D#:5,376.0s - 378.0s
ableton_live_guitar_Nylon_Concerto_Guitar.wav,D#:5,376.0s - 378.0s
ableton_live_guitar_Campfire.wav,D#:5,376.0s - 378.0s
garageband_guitar_Hard_Rock.wav,E:5,378.0s - 380.0s
garageband_guitar_Classic_Clean.wav,E:5,378.0s - 380.0s
garageband_guitar_Acoustic_Guitar.wav,E:5,378.0s - 380.0s
ableton_live_guitar_Guitar_Open.wav,E:5,378.0s - 380.0s
ableton_live_guitar_Nylon_Concerto_Guitar.wav,E:5,378.0s - 380.0s
ableton_live_guitar_Campfire.wav,E:5,378.0s - 380.0s
garageband_guitar_Hard_Rock.wav,F:5,380.0s - 382.0s
garageband_guitar_Classic_Clean.wav,F:5,380.0s - 382.0s
garageband_guitar_Acoustic_Guitar.wav,F:5,380.0s - 382.0s
ableton_live_guitar_Guitar_Open.wav,F:5,380.0s - 382.0s
ableton_live_guitar_Nylon_Concerto_Guitar.wav,F:5,380.0s - 382.0s
ableton_live_guitar_Campfire.wav,F:5,380.0s - 382.0s
garageband_guitar_Hard_Rock.wav,F#:5,382.0s - 384.0s
garageband_guitar_Classic_Clean.wav,F#:5,382.0s - 384.0s
garageband_guitar_Acoustic_Guitar.wav,F#:5,382.0s - 384.0s
ableton_live_guitar_Guitar_Open.wav,F#:5,382.0s - 384.0s
ableton_live_guitar_Nylon_Concerto_Guitar.wav,F#:5,382.0s - 384.0s
ableton_live_guitar_Campfire.wav,F#:5,382.0s - 384.0s
garageband_guitar_Hard_Rock.wav,G:5,384.0s - 386.0s
garageband_guitar_Classic_Clean.wav,G:5,384.0s - 386.0s
garageband_guitar_Acoustic_Guitar.wav,G:5,384.0s - 386.0s
ableton_live_guitar_Guitar_Open.wav,G:5,384.0s - 386.0s
ableton_live_guitar_Nylon_Concerto_Guitar.wav,G:5,384.0s - 386.0s
ableton_live_guitar_Campfire.wav,G:5,384.0s - 386.0s
garageband_guitar_Hard_Rock.wav,G#:5,386.0s - 388.0s
garageband_guitar_Classic_Clean.wav,G#:5,386.0s - 388.0s
garageband_guitar_Acoustic_Guitar.wav,G#:5,386.0s - 388.0s
ableton_live_guitar_Guitar_Open.wav,G#:5,386.0s - 388.0s
ableton_live_guitar_Nylon_Concerto_Guitar.wav,G#:5,386.0s - 388.0s
ableton_live_guitar_Campfire.wav,G#:5,386.0s - 388.0s
garageband_guitar_Hard_Rock.wav,A:5,388.0s - 390.0s
garageband_guitar_Classic_Clean.wav,A:5,388.0s - 390.0s
garageband_guitar_Acoustic_Guitar.wav,A:5,388.0s - 390.0s
ableton_live_guitar_Guitar_Open.wav,A:5,388.0s - 390.0s
ableton_live_guitar_Nylon_Concerto_Guitar.wav,A:5,388.0s - 390.0s
ableton_live_guitar_Campfire.wav,A:5,388.0s - 390.0s
garageband_guitar_Hard_Rock.wav,E:7,390.0s - 392.0s
garageband_guitar_Classic_Clean.wav,E:7,390.0s - 392.0s
garageband_guitar_Acoustic_Guitar.wav,E:7,390.0s - 392.0s
ableton_live_guitar_Guitar_Open.wav,E:7,390.0s - 392.0s
ableton_live_guitar_Nylon_Concerto_Guitar.wav,E:7,390.0s - 392.0s
ableton_live_guitar_Campfire.wav,E:7,390.0s - 392.0s
garageband_guitar_Hard_Rock.wav,F:7,392.0s - 394.0s
garageband_guitar_Classic_Clean.wav,F:7,392.0s - 394.0s
garageband_guitar_Acoustic_Guitar.wav,F:7,392.0s - 394.0s
ableton_live_guitar_Guitar_Open.wav,F:7,392.0s - 394.0s
ableton_live_guitar_Nylon_Concerto_Guitar.wav,F:7,392.0s - 394.0s
ableton_live_guitar_Campfire.wav,F:7,392.0s - 394.0s
garageband_guitar_Hard_Rock.wav,F#:7,394.0s - 396.0s
garageband_guitar_Classic_Clean.wav,F#:7,394.0s - 396.0s
garageband_guitar_Acoustic_Guitar.wav,F#:7,394.0s - 396.0s
ableton_live_guitar_Guitar_Open.wav,F#:7,394.0s - 396.0s
ableton_live_guitar_Nylon_Concerto_Guitar.wav,F#:7,394.0s - 396.0s
ableton_live_guitar_Campfire.wav,F#:7,394.0s - 396.0s
garageband_guitar_Hard_Rock.wav,G:7,396.0s - 398.0s
garageband_guitar_Classic_Clean.wav,G:7,396.0s - 398.0s
garageband_guitar_Acoustic_Guitar.wav,G:7,396.0s - 398.0s
ableton_live_guitar_Guitar_Open.wav,G:7,396.0s - 398.0s
ableton_live_guitar_Nylon_Concerto_Guitar.wav,G:7,396.0s - 398.0s
ableton_live_guitar_Campfire.wav,G:7,396.0s - 398.0s
garageband_guitar_Hard_Rock.wav,G#:7,398.0s - 400.0s
garageband_guitar_Classic_Clean.wav,G#:7,398.0s - 400.0s
garageband_guitar_Acoustic_Guitar.wav,G#:7,398.0s - 400.0s
ableton_live_guitar_Guitar_Open.wav,G#:7,398.0s - 400.0s
ableton_live_guitar_Nylon_Concerto_Guitar.wav,G#:7,398.0s - 400.0s
ableton_live_guitar_Campfire.wav,G#:7,398.0s - 400.0s
garageband_guitar_Hard_Rock.wav,A:7,400.0s - 402.0s
garageband_guitar_Classic_Clean.wav,A:7,400.0s - 402.0s
garageband_guitar_Acoustic_Guitar.wav,A:7,400.0s - 402.0s
ableton_live_guitar_Guitar_Open.wav,A:7,400.0s - 402.0s
ableton_live_guitar_Nylon_Concerto_Guitar.wav,A:7,400.0s - 402.0s
ableton_live_guitar_Campfire.wav,A:7,400.0s - 402.0s
garageband_guitar_Hard_Rock.wav,A#:7,402.0s - 404.0s
garageband_guitar_Classic_Clean.wav,A#:7,402.0s - 404.0s
garageband_guitar_Acoustic_Guitar.wav,A#:7,402.0s - 404.0s
ableton_live_guitar_Guitar_Open.wav,A#:7,402.0s - 404.0s
ableton_live_guitar_Nylon_Concerto_Guitar.wav,A#:7,402.0s - 404.0s
ableton_live_guitar_Campfire.wav,A#:7,402.0s - 404.0s
garageband_guitar_Hard_Rock.wav,B:7,404.0s - 406.0s
garageband_guitar_Classic_Clean.wav,B:7,404.0s - 406.0s
garageband_guitar_Acoustic_Guitar.wav,B:7,404.0s - 406.0s
ableton_live_guitar_Guitar_Open.wav,B:7,404.0s - 406.0s
ableton_live_guitar_Nylon_Concerto_Guitar.wav,B:7,404.0s - 406.0s
ableton_live_guitar_Campfire.wav,B:7,404.0s - 406.0s
garageband_guitar_Hard_Rock.wav,C:7,406.0s - 408.0s
garageband_guitar_Classic_Clean.wav,C:7,406.0s - 408.0s
garageband_guitar_Acoustic_Guitar.wav,C:7,406.0s - 408.0s
ableton_live_guitar_Guitar_Open.wav,C:7,406.0s - 408.0s
ableton_live_guitar_Nylon_Concerto_Guitar.wav,C:7,406.0s - 408.0s
ableton_live_guitar_Campfire.wav,C:7,406.0s - 408.0s
garageband_guitar_Hard_Rock.wav,C#:7,408.0s - 410.0s
garageband_guitar_Classic_Clean.wav,C#:7,408.0s - 410.0s
garageband_guitar_Acoustic_Guitar.wav,C#:7,408.0s - 410.0s
ableton_live_guitar_Guitar_Open.wav,C#:7,408.0s - 410.0s
ableton_live_guitar_Nylon_Concerto_Guitar.wav,C#:7,408.0s - 410.0s
ableton_live_guitar_Campfire.wav,C#:7,408.0s - 410.0s
garageband_guitar_Hard_Rock.wav,D:7,410.0s - 412.0s
garageband_guitar_Classic_Clean.wav,D:7,410.0s - 412.0s
garageband_guitar_Acoustic_Guitar.wav,D:7,410.0s - 412.0s
ableton_live_guitar_Guitar_Open.wav,D:7,410.0s - 412.0s
ableton_live_guitar_Nylon_Concerto_Guitar.wav,D:7,410.0s - 412.0s
ableton_live_guitar_Campfire.wav,D:7,410.0s - 412.0s
garageband_guitar_Hard_Rock.wav,D#:7,412.0s - 414.0s
garageband_guitar_Classic_Clean.wav,D#:7,412.0s - 414.0s
garageband_guitar_Acoustic_Guitar.wav,D#:7,412.0s - 414.0s
ableton_live_guitar_Guitar_Open.wav,D#:7,412.0s - 414.0s
ableton_live_guitar_Nylon_Concerto_Guitar.wav,D#:7,412.0s - 414.0s
ableton_live_guitar_Campfire.wav,D#:7,412.0s - 414.0s
garageband_guitar_Hard_Rock.wav,E:7,414.0s - 416.0s
garageband_guitar_Classic_Clean.wav,E:7,414.0s - 416.0s
garageband_guitar_Acoustic_Guitar.wav,E:7,414.0s - 416.0s
ableton_live_guitar_Guitar_Open.wav,E:7,414.0s - 416.0s
ableton_live_guitar_Nylon_Concerto_Guitar.wav,E:7,414.0s - 416.0s
ableton_live_guitar_Campfire.wav,E:7,414.0s - 416.0s
garageband_guitar_Hard_Rock.wav,A:7,416.0s - 418.0s
garageband_guitar_Classic_Clean.wav,A:7,416.0s - 418.0s
garageband_guitar_Acoustic_Guitar.wav,A:7,416.0s - 418.0s
ableton_live_guitar_Guitar_Open.wav,A:7,416.0s - 418.0s
ableton_live_guitar_Nylon_Concerto_Guitar.wav,A:7,416.0s - 418.0s
ableton_live_guitar_Campfire.wav,A:7,416.0s - 418.0s
garageband_guitar_Hard_Rock.wav,A#:7,418.0s - 420.0s
garageband_guitar_Classic_Clean.wav,A#:7,418.0s - 420.0s
garageband_guitar_Acoustic_Guitar.wav,A#:7,418.0s - 420.0s
ableton_live_guitar_Guitar_Open.wav,A#:7,418.0s - 420.0s
ableton_live_guitar_Nylon_Concerto_Guitar.wav,A#:7,418.0s - 420.0s
ableton_live_guitar_Campfire.wav,A#:7,418.0s - 420.0s
garageband_guitar_Hard_Rock.wav,B:7,420.0s - 422.0s
garageband_guitar_Classic_Clean.wav,B:7,420.0s - 422.0s
garageband_guitar_Acoustic_Guitar.wav,B:7,420.0s - 422.0s
ableton_live_guitar_Guitar_Open.wav,B:7,420.0s - 422.0s
ableton_live_guitar_Nylon_Concerto_Guitar.wav,B:7,420.0s - 422.0s
ableton_live_guitar_Campfire.wav,B:7,420.0s - 422.0s
garageband_guitar_Hard_Rock.wav,C:7,422.0s - 424.0s
garageband_guitar_Classic_Clean.wav,C:7,422.0s - 424.0s
garageband_guitar_Acoustic_Guitar.wav,C:7,422.0s - 424.0s
ableton_live_guitar_Guitar_Open.wav,C:7,422.0s - 424.0s
ableton_live_guitar_Nylon_Concerto_Guitar.wav,C:7,422.0s - 424.0s
ableton_live_guitar_Campfire.wav,C:7,422.0s - 424.0s
garageband_guitar_Hard_Rock.wav,C#:7,424.0s - 426.0s
garageband_guitar_Classic_Clean.wav,C#:7,424.0s - 426.0s
garageband_guitar_Acoustic_Guitar.wav,C#:7,424.0s - 426.0s
ableton_live_guitar_Guitar_Open.wav,C#:7,424.0s - 426.0s
ableton_live_guitar_Nylon_Concerto_Guitar.wav,C#:7,424.0s - 426.0s
ableton_live_guitar_Campfire.wav,C#:7,424.0s - 426.0s
garageband_guitar_Hard_Rock.wav,D:7,426.0s - 428.0s
garageband_guitar_Classic_Clean.wav,D:7,426.0s - 428.0s
garageband_guitar_Acoustic_Guitar.wav,D:7,426.0s - 428.0s
ableton_live_guitar_Guitar_Open.wav,D:7,426.0s - 428.0s
ableton_live_guitar_Nylon_Concerto_Guitar.wav,D:7,426.0s - 428.0s
ableton_live_guitar_Campfire.wav,D:7,426.0s - 428.0s
garageband_guitar_Hard_Rock.wav,D#:7,428.0s - 430.0s
garageband_guitar_Classic_Clean.wav,D#:7,428.0s - 430.0s
garageband_guitar_Acoustic_Guitar.wav,D#:7,428.0s - 430.0s
ableton_live_guitar_Guitar_Open.wav,D#:7,428.0s - 430.0s
ableton_live_guitar_Nylon_Concerto_Guitar.wav,D#:7,428.0s - 430.0s
ableton_live_guitar_Campfire.wav,D#:7,428.0s - 430.0s
garageband_guitar_Hard_Rock.wav,E:7,430.0s - 432.0s
garageband_guitar_Classic_Clean.wav,E:7,430.0s - 432.0s
garageband_guitar_Acoustic_Guitar.wav,E:7,430.0s - 432.0s
ableton_live_guitar_Guitar_Open.wav,E:7,430.0s - 432.0s
ableton_live_guitar_Nylon_Concerto_Guitar.wav,E:7,430.0s - 432.0s
ableton_live_guitar_Campfire.wav,E:7,430.0s - 432.0s
garageband_guitar_Hard_Rock.wav,F:7,432.0s - 434.0s
garageband_guitar_Classic_Clean.wav,F:7,432.0s - 434.0s
garageband_guitar_Acoustic_Guitar.wav,F:7,432.0s - 434.0s
ableton_live_guitar_Guitar_Open.wav,F:7,432.0s - 434.0s
ableton_live_guitar_Nylon_Concerto_Guitar.wav,F:7,432.0s - 434.0s
ableton_live_guitar_Campfire.wav,F:7,432.0s - 434.0s
garageband_guitar_Hard_Rock.wav,F#:7,434.0s - 436.0s
garageband_guitar_Classic_Clean.wav,F#:7,434.0s - 436.0s
garageband_guitar_Acoustic_Guitar.wav,F#:7,434.0s - 436.0s
ableton_live_guitar_Guitar_Open.wav,F#:7,434.0s - 436.0s
ableton_live_guitar_Nylon_Concerto_Guitar.wav,F#:7,434.0s - 436.0s
ableton_live_guitar_Campfire.wav,F#:7,434.0s - 436.0s
garageband_guitar_Hard_Rock.wav,G:7,436.0s - 438.0s
garageband_guitar_Classic_Clean.wav,G:7,436.0s - 438.0s
garageband_guitar_Acoustic_Guitar.wav,G:7,436.0s - 438.0s
ableton_live_guitar_Guitar_Open.wav,G:7,436.0s - 438.0s
ableton_live_guitar_Nylon_Concerto_Guitar.wav,G:7,436.0s - 438.0s
ableton_live_guitar_Campfire.wav,G:7,436.0s - 438.0s
garageband_guitar_Hard_Rock.wav,G#:7,438.0s - 440.0s
garageband_guitar_Classic_Clean.wav,G#:7,438.0s - 440.0s
garageband_guitar_Acoustic_Guitar.wav,G#:7,438.0s - 440.0s
ableton_live_guitar_Guitar_Open.wav,G#:7,438.0s - 440.0s
ableton_live_guitar_Nylon_Concerto_Guitar.wav,G#:7,438.0s - 440.0s
ableton_live_guitar_Campfire.wav,G#:7,438.0s - 440.0s
garageband_guitar_Hard_Rock.wav,A:7,440.0s - 442.0s
garageband_guitar_Classic_Clean.wav,A:7,440.0s - 442.0s
garageband_guitar_Acoustic_Guitar.wav,A:7,440.0s - 442.0s
ableton_live_guitar_Guitar_Open.wav,A:7,440.0s - 442.0s
ableton_live_guitar_Nylon_Concerto_Guitar.wav,A:7,440.0s - 442.0s
ableton_live_guitar_Campfire.wav,A:7,440.0s - 442.0s
garageband_guitar_Hard_Rock.wav,D:7,442.0s - 444.0s
garageband_guitar_Classic_Clean.wav,D:7,442.0s - 444.0s
garageband_guitar_Acoustic_Guitar.wav,D:7,442.0s - 444.0s
ableton_live_guitar_Guitar_Open.wav,D:7,442.0s - 444.0s
ableton_live_guitar_Nylon_Concerto_Guitar.wav,D:7,442.0s - 444.0s
ableton_live_guitar_Campfire.wav,D:7,442.0s - 444.0s
garageband_guitar_Hard_Rock.wav,D#:7,444.0s - 446.0s
garageband_guitar_Classic_Clean.wav,D#:7,444.0s - 446.0s
garageband_guitar_Acoustic_Guitar.wav,D#:7,444.0s - 446.0s
ableton_live_guitar_Guitar_Open.wav,D#:7,444.0s - 446.0s
ableton_live_guitar_Nylon_Concerto_Guitar.wav,D#:7,444.0s - 446.0s
ableton_live_guitar_Campfire.wav,D#:7,444.0s - 446.0s
garageband_guitar_Hard_Rock.wav,E:7,446.0s - 448.0s
garageband_guitar_Classic_Clean.wav,E:7,446.0s - 448.0s
garageband_guitar_Acoustic_Guitar.wav,E:7,446.0s - 448.0s
ableton_live_guitar_Guitar_Open.wav,E:7,446.0s - 448.0s
ableton_live_guitar_Nylon_Concerto_Guitar.wav,E:7,446.0s - 448.0s
ableton_live_guitar_Campfire.wav,E:7,446.0s - 448.0s
garageband_guitar_Hard_Rock.wav,F:7,448.0s - 450.0s
garageband_guitar_Classic_Clean.wav,F:7,448.0s - 450.0s
garageband_guitar_Acoustic_Guitar.wav,F:7,448.0s - 450.0s
ableton_live_guitar_Guitar_Open.wav,F:7,448.0s - 450.0s
ableton_live_guitar_Nylon_Concerto_Guitar.wav,F:7,448.0s - 450.0s
ableton_live_guitar_Campfire.wav,F:7,448.0s - 450.0s
garageband_guitar_Hard_Rock.wav,F#:7,450.0s - 452.0s
garageband_guitar_Classic_Clean.wav,F#:7,450.0s - 452.0s
garageband_guitar_Acoustic_Guitar.wav,F#:7,450.0s - 452.0s
ableton_live_guitar_Guitar_Open.wav,F#:7,450.0s - 452.0s
ableton_live_guitar_Nylon_Concerto_Guitar.wav,F#:7,450.0s - 452.0s
ableton_live_guitar_Campfire.wav,F#:7,450.0s - 452.0s
garageband_guitar_Hard_Rock.wav,G:7,452.0s - 454.0s
garageband_guitar_Classic_Clean.wav,G:7,452.0s - 454.0s
garageband_guitar_Acoustic_Guitar.wav,G:7,452.0s - 454.0s
ableton_live_guitar_Guitar_Open.wav,G:7,452.0s - 454.0s
ableton_live_guitar_Nylon_Concerto_Guitar.wav,G:7,452.0s - 454.0s
ableton_live_guitar_Campfire.wav,G:7,452.0s - 454.0s
garageband_guitar_Hard_Rock.wav,G#:7,454.0s - 456.0s
garageband_guitar_Classic_Clean.wav,G#:7,454.0s - 456.0s
garageband_guitar_Acoustic_Guitar.wav,G#:7,454.0s - 456.0s
ableton_live_guitar_Guitar_Open.wav,G#:7,454.0s - 456.0s
ableton_live_guitar_Nylon_Concerto_Guitar.wav,G#:7,454.0s - 456.0s
ableton_live_guitar_Campfire.wav,G#:7,454.0s - 456.0s
garageband_guitar_Hard_Rock.wav,A:7,456.0s - 458.0s
garageband_guitar_Classic_Clean.wav,A:7,456.0s - 458.0s
garageband_guitar_Acoustic_Guitar.wav,A:7,456.0s - 458.0s
ableton_live_guitar_Guitar_Open.wav,A:7,456.0s - 458.0s
ableton_live_guitar_Nylon_Concerto_Guitar.wav,A:7,456.0s - 458.0s
ableton_live_guitar_Campfire.wav,A:7,456.0s - 458.0s
garageband_guitar_Hard_Rock.wav,A#:7,458.0s - 460.0s
garageband_guitar_Classic_Clean.wav,A#:7,458.0s - 460.0s
garageband_guitar_Acoustic_Guitar.wav,A#:7,458.0s - 460.0s
ableton_live_guitar_Guitar_Open.wav,A#:7,458.0s - 460.0s
ableton_live_guitar_Nylon_Concerto_Guitar.wav,A#:7,458.0s - 460.0s
ableton_live_guitar_Campfire.wav,A#:7,458.0s - 460.0s
garageband_guitar_Hard_Rock.wav,B:7,460.0s - 462.0s
garageband_guitar_Classic_Clean.wav,B:7,460.0s - 462.0s
garageband_guitar_Acoustic_Guitar.wav,B:7,460.0s - 462.0s
ableton_live_guitar_Guitar_Open.wav,B:7,460.0s - 462.0s
ableton_live_guitar_Nylon_Concerto_Guitar.wav,B:7,460.0s - 462.0s
ableton_live_guitar_Campfire.wav,B:7,460.0s - 462.0s
garageband_guitar_Hard_Rock.wav,C:7,462.0s - 464.0s
garageband_guitar_Classic_Clean.wav,C:7,462.0s - 464.0s
garageband_guitar_Acoustic_Guitar.wav,C:7,462.0s - 464.0s
ableton_live_guitar_Guitar_Open.wav,C:7,462.0s - 464.0s
ableton_live_guitar_Nylon_Concerto_Guitar.wav,C:7,462.0s - 464.0s
ableton_live_guitar_Campfire.wav,C:7,462.0s - 464.0s
garageband_guitar_Hard_Rock.wav,C#:7,464.0s - 466.0s
garageband_guitar_Classic_Clean.wav,C#:7,464.0s - 466.0s
garageband_guitar_Acoustic_Guitar.wav,C#:7,464.0s - 466.0s
ableton_live_guitar_Guitar_Open.wav,C#:7,464.0s - 466.0s
ableton_live_guitar_Nylon_Concerto_Guitar.wav,C#:7,464.0s - 466.0s
ableton_live_guitar_Campfire.wav,C#:7,464.0s - 466.0s
garageband_guitar_Hard_Rock.wav,D:7,466.0s - 468.0s
garageband_guitar_Classic_Clean.wav,D:7,466.0s - 468.0s
garageband_guitar_Acoustic_Guitar.wav,D:7,466.0s - 468.0s
ableton_live_guitar_Guitar_Open.wav,D:7,466.0s - 468.0s
ableton_live_guitar_Nylon_Concerto_Guitar.wav,D:7,466.0s - 468.0s
ableton_live_guitar_Campfire.wav,D:7,466.0s - 468.0s
garageband_guitar_Hard_Rock.wav,A:hdim7,468.0s - 470.0s
garageband_guitar_Classic_Clean.wav,A:hdim7,468.0s - 470.0s
garageband_guitar_Acoustic_Guitar.wav,A:hdim7,468.0s - 470.0s
ableton_live_guitar_Guitar_Open.wav,A:hdim7,468.0s - 470.0s
ableton_live_guitar_Nylon_Concerto_Guitar.wav,A:hdim7,468.0s - 470.0s
ableton_live_guitar_Campfire.wav,A:hdim7,468.0s - 470.0s
garageband_guitar_Hard_Rock.wav,A#:hdim7,470.0s - 472.0s
garageband_guitar_Classic_Clean.wav,A#:hdim7,470.0s - 472.0s
garageband_guitar_Acoustic_Guitar.wav,A#:hdim7,470.0s - 472.0s
ableton_live_guitar_Guitar_Open.wav,A#:hdim7,470.0s - 472.0s
ableton_live_guitar_Nylon_Concerto_Guitar.wav,A#:hdim7,470.0s - 472.0s
ableton_live_guitar_Campfire.wav,A#:hdim7,470.0s - 472.0s
garageband_guitar_Hard_Rock.wav,B:hdim7,472.0s - 474.0s
garageband_guitar_Classic_Clean.wav,B:hdim7,472.0s - 474.0s
garageband_guitar_Acoustic_Guitar.wav,B:hdim7,472.0s - 474.0s
ableton_live_guitar_Guitar_Open.wav,B:hdim7,472.0s - 474.0s
ableton_live_guitar_Nylon_Concerto_Guitar.wav,B:hdim7,472.0s - 474.0s
ableton_live_guitar_Campfire.wav,B:hdim7,472.0s - 474.0s
garageband_guitar_Hard_Rock.wav,C:hdim7,474.0s - 476.0s
garageband_guitar_Classic_Clean.wav,C:hdim7,474.0s - 476.0s
garageband_guitar_Acoustic_Guitar.wav,C:hdim7,474.0s - 476.0s
ableton_live_guitar_Guitar_Open.wav,C:hdim7,474.0s - 476.0s
ableton_live_guitar_Nylon_Concerto_Guitar.wav,C:hdim7,474.0s - 476.0s
ableton_live_guitar_Campfire.wav,C:hdim7,474.0s - 476.0s
garageband_guitar_Hard_Rock.wav,C#:hdim7,476.0s - 478.0s
garageband_guitar_Classic_Clean.wav,C#:hdim7,476.0s - 478.0s
garageband_guitar_Acoustic_Guitar.wav,C#:hdim7,476.0s - 478.0s
ableton_live_guitar_Guitar_Open.wav,C#:hdim7,476.0s - 478.0s
ableton_live_guitar_Nylon_Concerto_Guitar.wav,C#:hdim7,476.0s - 478.0s
ableton_live_guitar_Campfire.wav,C#:hdim7,476.0s - 478.0s
garageband_guitar_Hard_Rock.wav,D:hdim7,478.0s - 480.0s
garageband_guitar_Classic_Clean.wav,D:hdim7,478.0s - 480.0s
garageband_guitar_Acoustic_Guitar.wav,D:hdim7,478.0s - 480.0s
ableton_live_guitar_Guitar_Open.wav,D:hdim7,478.0s - 480.0s
ableton_live_guitar_Nylon_Concerto_Guitar.wav,D:hdim7,478.0s - 480.0s
ableton_live_guitar_Campfire.wav,D:hdim7,478.0s - 480.0s
garageband_guitar_Hard_Rock.wav,D#:hdim7,480.0s - 482.0s
garageband_guitar_Classic_Clean.wav,D#:hdim7,480.0s - 482.0s
garageband_guitar_Acoustic_Guitar.wav,D#:hdim7,480.0s - 482.0s
ableton_live_guitar_Guitar_Open.wav,D#:hdim7,480.0s - 482.0s
ableton_live_guitar_Nylon_Concerto_Guitar.wav,D#:hdim7,480.0s - 482.0s
ableton_live_guitar_Campfire.wav,D#:hdim7,480.0s - 482.0s
garageband_guitar_Hard_Rock.wav,E:hdim7,482.0s - 484.0s
garageband_guitar_Classic_Clean.wav,E:hdim7,482.0s - 484.0s
garageband_guitar_Acoustic_Guitar.wav,E:hdim7,482.0s - 484.0s
ableton_live_guitar_Guitar_Open.wav,E:hdim7,482.0s - 484.0s
ableton_live_guitar_Nylon_Concerto_Guitar.wav,E:hdim7,482.0s - 484.0s
ableton_live_guitar_Campfire.wav,E:hdim7,482.0s - 484.0s
garageband_guitar_Hard_Rock.wav,F:hdim7,484.0s - 486.0s
garageband_guitar_Classic_Clean.wav,F:hdim7,484.0s - 486.0s
garageband_guitar_Acoustic_Guitar.wav,F:hdim7,484.0s - 486.0s
ableton_live_guitar_Guitar_Open.wav,F:hdim7,484.0s - 486.0s
ableton_live_guitar_Nylon_Concerto_Guitar.wav,F:hdim7,484.0s - 486.0s
ableton_live_guitar_Campfire.wav,F:hdim7,484.0s - 486.0s
garageband_guitar_Hard_Rock.wav,F#:hdim7,486.0s - 488.0s
garageband_guitar_Classic_Clean.wav,F#:hdim7,486.0s - 488.0s
garageband_guitar_Acoustic_Guitar.wav,F#:hdim7,486.0s - 488.0s
ableton_live_guitar_Guitar_Open.wav,F#:hdim7,486.0s - 488.0s
ableton_live_guitar_Nylon_Concerto_Guitar.wav,F#:hdim7,486.0s - 488.0s
ableton_live_guitar_Campfire.wav,F#:hdim7,486.0s - 488.0s
garageband_guitar_Hard_Rock.wav,G:hdim7,488.0s - 490.0s
garageband_guitar_Classic_Clean.wav,G:hdim7,488.0s - 490.0s
garageband_guitar_Acoustic_Guitar.wav,G:hdim7,488.0s - 490.0s
ableton_live_guitar_Guitar_Open.wav,G:hdim7,488.0s - 490.0s
ableton_live_guitar_Nylon_Concerto_Guitar.wav,G:hdim7,488.0s - 490.0s
ableton_live_guitar_Campfire.wav,G:hdim7,488.0s - 490.0s
garageband_guitar_Hard_Rock.wav,G#:hdim7,490.0s - 492.0s
garageband_guitar_Classic_Clean.wav,G#:hdim7,490.0s - 492.0s
garageband_guitar_Acoustic_Guitar.wav,G#:hdim7,490.0s - 492.0s
ableton_live_guitar_Guitar_Open.wav,G#:hdim7,490.0s - 492.0s
ableton_live_guitar_Nylon_Concerto_Guitar.wav,G#:hdim7,490.0s - 492.0s
ableton_live_guitar_Campfire.wav,G#:hdim7,490.0s - 492.0s
garageband_guitar_Hard_Rock.wav,A:hdim7,492.0s - 494.0s
garageband_guitar_Classic_Clean.wav,A:hdim7,492.0s - 494.0s
garageband_guitar_Acoustic_Guitar.wav,A:hdim7,492.0s - 494.0s
ableton_live_guitar_Guitar_Open.wav,A:hdim7,492.0s - 494.0s
ableton_live_guitar_Nylon_Concerto_Guitar.wav,A:hdim7,492.0s - 494.0s
ableton_live_guitar_Campfire.wav,A:hdim7,492.0s - 494.0s
garageband_guitar_Hard_Rock.wav,F:hdim7,494.0s - 496.0s
garageband_guitar_Classic_Clean.wav,F:hdim7,494.0s - 496.0s
garageband_guitar_Acoustic_Guitar.wav,F:hdim7,494.0s - 496.0s
ableton_live_guitar_Guitar_Open.wav,F:hdim7,494.0s - 496.0s
ableton_live_guitar_Nylon_Concerto_Guitar.wav,F:hdim7,494.0s - 496.0s
ableton_live_guitar_Campfire.wav,F:hdim7,494.0s - 496.0s
garageband_guitar_Hard_Rock.wav,F#:hdim7,496.0s - 498.0s
garageband_guitar_Classic_Clean.wav,F#:hdim7,496.0s - 498.0s
garageband_guitar_Acoustic_Guitar.wav,F#:hdim7,496.0s - 498.0s
ableton_live_guitar_Guitar_Open.wav,F#:hdim7,496.0s - 498.0s
ableton_live_guitar_Nylon_Concerto_Guitar.wav,F#:hdim7,496.0s - 498.0s
ableton_live_guitar_Campfire.wav,F#:hdim7,496.0s - 498.0s
garageband_guitar_Hard_Rock.wav,G:hdim7,498.0s - 500.0s
garageband_guitar_Classic_Clean.wav,G:hdim7,498.0s - 500.0s
garageband_guitar_Acoustic_Guitar.wav,G:hdim7,498.0s - 500.0s
ableton_live_guitar_Guitar_Open.wav,G:hdim7,498.0s - 500.0s
ableton_live_guitar_Nylon_Concerto_Guitar.wav,G:hdim7,498.0s - 500.0s
ableton_live_guitar_Campfire.wav,G:hdim7,498.0s - 500.0s
garageband_guitar_Hard_Rock.wav,G#:hdim7,500.0s - 502.0s
garageband_guitar_Classic_Clean.wav,G#:hdim7,500.0s - 502.0s
garageband_guitar_Acoustic_Guitar.wav,G#:hdim7,500.0s - 502.0s
ableton_live_guitar_Guitar_Open.wav,G#:hdim7,500.0s - 502.0s
ableton_live_guitar_Nylon_Concerto_Guitar.wav,G#:hdim7,500.0s - 502.0s
ableton_live_guitar_Campfire.wav,G#:hdim7,500.0s - 502.0s
garageband_guitar_Hard_Rock.wav,A:hdim7,502.0s - 504.0s
garageband_guitar_Classic_Clean.wav,A:hdim7,502.0s - 504.0s
garageband_guitar_Acoustic_Guitar.wav,A:hdim7,502.0s - 504.0s
ableton_live_guitar_Guitar_Open.wav,A:hdim7,502.0s - 504.0s
ableton_live_guitar_Nylon_Concerto_Guitar.wav,A:hdim7,502.0s - 504.0s
ableton_live_guitar_Campfire.wav,A:hdim7,502.0s - 504.0s
garageband_guitar_Hard_Rock.wav,A#:hdim7,504.0s - 506.0s
garageband_guitar_Classic_Clean.wav,A#:hdim7,504.0s - 506.0s
garageband_guitar_Acoustic_Guitar.wav,A#:hdim7,504.0s - 506.0s
ableton_live_guitar_Guitar_Open.wav,A#:hdim7,504.0s - 506.0s
ableton_live_guitar_Nylon_Concerto_Guitar.wav,A#:hdim7,504.0s - 506.0s
ableton_live_guitar_Campfire.wav,A#:hdim7,504.0s - 506.0s
garageband_guitar_Hard_Rock.wav,B:hdim7,506.0s - 508.0s
garageband_guitar_Classic_Clean.wav,B:hdim7,506.0s - 508.0s
garageband_guitar_Acoustic_Guitar.wav,B:hdim7,506.0s - 508.0s
ableton_live_guitar_Guitar_Open.wav,B:hdim7,506.0s - 508.0s
ableton_live_guitar_Nylon_Concerto_Guitar.wav,B:hdim7,506.0s - 508.0s
ableton_live_guitar_Campfire.wav,B:hdim7,506.0s - 508.0s
garageband_guitar_Hard_Rock.wav,C:hdim7,508.0s - 510.0s
garageband_guitar_Classic_Clean.wav,C:hdim7,508.0s - 510.0s
garageband_guitar_Acoustic_Guitar.wav,C:hdim7,508.0s - 510.0s
ableton_live_guitar_Guitar_Open.wav,C:hdim7,508.0s - 510.0s
ableton_live_guitar_Nylon_Concerto_Guitar.wav,C:hdim7,508.0s - 510.0s
ableton_live_guitar_Campfire.wav,C:hdim7,508.0s - 510.0s
garageband_guitar_Hard_Rock.wav,C#:hdim7,510.0s - 512.0s
garageband_guitar_Classic_Clean.wav,C#:hdim7,510.0s - 512.0s
garageband_guitar_Acoustic_Guitar.wav,C#:hdim7,510.0s - 512.0s
ableton_live_guitar_Guitar_Open.wav,C#:hdim7,510.0s - 512.0s
ableton_live_guitar_Nylon_Concerto_Guitar.wav,C#:hdim7,510.0s - 512.0s
ableton_live_guitar_Campfire.wav,C#:hdim7,510.0s - 512.0s
garageband_guitar_Hard_Rock.wav,D:hdim7,512.0s - 514.0s
garageband_guitar_Classic_Clean.wav,D:hdim7,512.0s - 514.0s
garageband_guitar_Acoustic_Guitar.wav,D:hdim7,512.0s - 514.0s
ableton_live_guitar_Guitar_Open.wav,D:hdim7,512.0s - 514.0s
ableton_live_guitar_Nylon_Concerto_Guitar.wav,D:hdim7,512.0s - 514.0s
ableton_live_guitar_Campfire.wav,D:hdim7,512.0s - 514.0s
garageband_guitar_Hard_Rock.wav,D#:hdim7,514.0s - 516.0s
garageband_guitar_Classic_Clean.wav,D#:hdim7,514.0s - 516.0s
garageband_guitar_Acoustic_Guitar.wav,D#:hdim7,514.0s - 516.0s
ableton_live_guitar_Guitar_Open.wav,D#:hdim7,514.0s - 516.0s
ableton_live_guitar_Nylon_Concerto_Guitar.wav,D#:hdim7,514.0s - 516.0s
ableton_live_guitar_Campfire.wav,D#:hdim7,514.0s - 516.0s
garageband_guitar_Hard_Rock.wav,E:hdim7,516.0s - 518.0s
garageband_guitar_Classic_Clean.wav,E:hdim7,516.0s - 518.0s
garageband_guitar_Acoustic_Guitar.wav,E:hdim7,516.0s - 518.0s
ableton_live_guitar_Guitar_Open.wav,E:hdim7,516.0s - 518.0s
ableton_live_guitar_Nylon_Concerto_Guitar.wav,E:hdim7,516.0s - 518.0s
ableton_live_guitar_Campfire.wav,E:hdim7,516.0s - 518.0s
garageband_guitar_Hard_Rock.wav,F:hdim7,518.0s - 520.0s
garageband_guitar_Classic_Clean.wav,F:hdim7,518.0s - 520.0s
garageband_guitar_Acoustic_Guitar.wav,F:hdim7,518.0s - 520.0s
ableton_live_guitar_Guitar_Open.wav,F:hdim7,518.0s - 520.0s
ableton_live_guitar_Nylon_Concerto_Guitar.wav,F:hdim7,518.0s - 520.0s
ableton_live_guitar_Campfire.wav,F:hdim7,518.0s - 520.0s
garageband_guitar_Hard_Rock.wav,E:hdim7,520.0s - 522.0s
garageband_guitar_Classic_Clean.wav,E:hdim7,520.0s - 522.0s
garageband_guitar_Acoustic_Guitar.wav,E:hdim7,520.0s - 522.0s
ableton_live_guitar_Guitar_Open.wav,E:hdim7,520.0s - 522.0s
ableton_live_guitar_Nylon_Concerto_Guitar.wav,E:hdim7,520.0s - 522.0s
ableton_live_guitar_Campfire.wav,E:hdim7,520.0s - 522.0s
garageband_guitar_Hard_Rock.wav,F:hdim7,522.0s - 524.0s
garageband_guitar_Classic_Clean.wav,F:hdim7,522.0s - 524.0s
garageband_guitar_Acoustic_Guitar.wav,F:hdim7,522.0s - 524.0s
ableton_live_guitar_Guitar_Open.wav,F:hdim7,522.0s - 524.0s
ableton_live_guitar_Nylon_Concerto_Guitar.wav,F:hdim7,522.0s - 524.0s
ableton_live_guitar_Campfire.wav,F:hdim7,522.0s - 524.0s
garageband_guitar_Hard_Rock.wav,F#:hdim7,524.0s - 526.0s
garageband_guitar_Classic_Clean.wav,F#:hdim7,524.0s - 526.0s
garageband_guitar_Acoustic_Guitar.wav,F#:hdim7,524.0s - 526.0s
ableton_live_guitar_Guitar_Open.wav,F#:hdim7,524.0s - 526.0s
ableton_live_guitar_Nylon_Concerto_Guitar.wav,F#:hdim7,524.0s - 526.0s
ableton_live_guitar_Campfire.wav,F#:hdim7,524.0s - 526.0s
garageband_guitar_Hard_Rock.wav,G:hdim7,526.0s - 528.0s
garageband_guitar_Classic_Clean.wav,G:hdim7,526.0s - 528.0s
garageband_guitar_Acoustic_Guitar.wav,G:hdim7,526.0s - 528.0s
ableton_live_guitar_Guitar_Open.wav,G:hdim7,526.0s - 528.0s
ableton_live_guitar_Nylon_Concerto_Guitar.wav,G:hdim7,526.0s - 528.0s
ableton_live_guitar_Campfire.wav,G:hdim7,526.0s - 528.0s
garageband_guitar_Hard_Rock.wav,G#:hdim7,528.0s - 530.0s
garageband_guitar_Classic_Clean.wav,G#:hdim7,528.0s - 530.0s
garageband_guitar_Acoustic_Guitar.wav,G#:hdim7,528.0s - 530.0s
ableton_live_guitar_Guitar_Open.wav,G#:hdim7,528.0s - 530.0s
ableton_live_guitar_Nylon_Concerto_Guitar.wav,G#:hdim7,528.0s - 530.0s
ableton_live_guitar_Campfire.wav,G#:hdim7,528.0s - 530.0s
garageband_guitar_Hard_Rock.wav,A:hdim7,530.0s - 532.0s
garageband_guitar_Classic_Clean.wav,A:hdim7,530.0s - 532.0s
garageband_guitar_Acoustic_Guitar.wav,A:hdim7,530.0s - 532.0s
ableton_live_guitar_Guitar_Open.wav,A:hdim7,530.0s - 532.0s
ableton_live_guitar_Nylon_Concerto_Guitar.wav,A:hdim7,530.0s - 532.0s
ableton_live_guitar_Campfire.wav,A:hdim7,530.0s - 532.0s
garageband_guitar_Hard_Rock.wav,A#:hdim7,532.0s - 534.0s
garageband_guitar_Classic_Clean.wav,A#:hdim7,532.0s - 534.0s
garageband_guitar_Acoustic_Guitar.wav,A#:hdim7,532.0s - 534.0s
ableton_live_guitar_Guitar_Open.wav,A#:hdim7,532.0s - 534.0s
ableton_live_guitar_Nylon_Concerto_Guitar.wav,A#:hdim7,532.0s - 534.0s
ableton_live_guitar_Campfire.wav,A#:hdim7,532.0s - 534.0s
garageband_guitar_Hard_Rock.wav,B:hdim7,534.0s - 536.0s
garageband_guitar_Classic_Clean.wav,B:hdim7,534.0s - 536.0s
garageband_guitar_Acoustic_Guitar.wav,B:hdim7,534.0s - 536.0s
ableton_live_guitar_Guitar_Open.wav,B:hdim7,534.0s - 536.0s
ableton_live_guitar_Nylon_Concerto_Guitar.wav,B:hdim7,534.0s - 536.0s
ableton_live_guitar_Campfire.wav,B:hdim7,534.0s - 536.0s
garageband_guitar_Hard_Rock.wav,C:hdim7,536.0s - 538.0s
garageband_guitar_Classic_Clean.wav,C:hdim7,536.0s - 538.0s
garageband_guitar_Acoustic_Guitar.wav,C:hdim7,536.0s - 538.0s
ableton_live_guitar_Guitar_Open.wav,C:hdim7,536.0s - 538.0s
ableton_live_guitar_Nylon_Concerto_Guitar.wav,C:hdim7,536.0s - 538.0s
ableton_live_guitar_Campfire.wav,C:hdim7,536.0s - 538.0s
garageband_guitar_Hard_Rock.wav,C#:hdim7,538.0s - 540.0s
garageband_guitar_Classic_Clean.wav,C#:hdim7,538.0s - 540.0s
garageband_guitar_Acoustic_Guitar.wav,C#:hdim7,538.0s - 540.0s
ableton_live_guitar_Guitar_Open.wav,C#:hdim7,538.0s - 540.0s
ableton_live_guitar_Nylon_Concerto_Guitar.wav,C#:hdim7,538.0s - 540.0s
ableton_live_guitar_Campfire.wav,C#:hdim7,538.0s - 540.0s
garageband_guitar_Hard_Rock.wav,D:hdim7,540.0s - 542.0s
garageband_guitar_Classic_Clean.wav,D:hdim7,540.0s - 542.0s
garageband_guitar_Acoustic_Guitar.wav,D:hdim7,540.0s - 542.0s
ableton_live_guitar_Guitar_Open.wav,D:hdim7,540.0s - 542.0s
ableton_live_guitar_Nylon_Concerto_Guitar.wav,D:hdim7,540.0s - 542.0s
ableton_live_guitar_Campfire.wav,D:hdim7,540.0s - 542.0s
garageband_guitar_Hard_Rock.wav,D#:hdim7,542.0s - 544.0s
garageband_guitar_Classic_Clean.wav,D#:hdim7,542.0s - 544.0s
garageband_guitar_Acoustic_Guitar.wav,D#:hdim7,542.0s - 544.0s
ableton_live_guitar_Guitar_Open.wav,D#:hdim7,542.0s - 544.0s
ableton_live_guitar_Nylon_Concerto_Guitar.wav,D#:hdim7,542.0s - 544.0s
ableton_live_guitar_Campfire.wav,D#:hdim7,542.0s - 544.0s
garageband_guitar_Hard_Rock.wav,E:hdim7,544.0s - 546.0s
garageband_guitar_Classic_Clean.wav,E:hdim7,544.0s - 546.0s
garageband_guitar_Acoustic_Guitar.wav,E:hdim7,544.0s - 546.0s
ableton_live_guitar_Guitar_Open.wav,E:hdim7,544.0s - 546.0s
ableton_live_guitar_Nylon_Concerto_Guitar.wav,E:hdim7,544.0s - 546.0s
ableton_live_guitar_Campfire.wav,E:hdim7,544.0s - 546.0s
